0,3280.78,0.00,-1.30,0.00,0.00,0.00
1,3280.78,0.00,-0.30,0.00,0.00,0.00
1,3280.78,0.00,0.40,0.00,0.00,0.00
1,3280.78,0.00,-0.20,0.00,0.00,0.00
1,3280.78,0.00,0.00,0.00,0.00,0.00
1,3280.78,0.00,0.30,3410.42,0.00,0.00
2,3280.78,0.00,0.30,3410.42,0.00,0.00
2,3280.78,0.00,-0.10,3410.42,0.00,0.00
2,3280.78,0.00,0.00,3410.42,0.00,0.00
2,3280.78,0.00,0.10,3410.42,0.00,0.00
2,3280.78,0.00,0.00,3410.42,3172.61,0.00
3,3280.78,0.00,0.10,3410.42,3172.61,237.00
4,3280.78,500.00,-0.10,3410.42,3172.61,237.00
4,3280.78,500.00,0.80,3410.42,3172.61,237.00
4,3280.78,500.00,0.80,3410.42,3172.61,237.00
4,3276.80,500.00,1.00,3410.42,3172.61,237.00
4,3276.80,500.00,0.60,3410.42,3172.61,237.00
4,3276.80,500.00,0.50,3410.42,3172.61,237.00
4,3280.78,500.00,0.70,3410.42,3172.61,237.00
4,3276.80,500.00,0.90,3410.42,3172.61,237.00
4,3308.61,500.00,1.00,3410.42,3172.61,237.00
4,3284.75,500.00,0.90,3410.42,3172.61,237.00
4,3276.80,500.00,0.80,3410.42,3172.61,237.00
4,3276.80,500.00,1.00,3410.42,3172.61,237.00
4,3280.78,500.00,0.90,3410.42,3172.61,237.00
4,3276.80,500.00,0.70,3410.42,3172.61,237.00
4,3276.80,500.00,0.80,3410.42,3172.61,237.00
4,3276.80,500.00,0.90,3410.42,3172.61,237.00
4,3276.80,500.00,0.80,3410.42,3172.61,237.00
4,3276.80,500.00,0.90,3410.42,3172.61,237.00
4,3276.80,500.00,0.70,3410.42,3172.61,237.00
4,3276.80,500.00,0.80,3410.42,3172.61,237.00
4,3276.80,500.00,0.50,3410.42,3172.61,237.00
4,3276.80,500.00,0.80,3410.42,3172.61,237.00
4,3276.80,500.00,0.80,3410.42,3172.61,237.00
4,3276.80,500.00,0.50,3410.42,3172.61,237.00
4,3276.80,500.00,0.60,3410.42,3172.61,237.00
4,3276.80,500.00,0.80,3410.42,3172.61,237.00
4,3276.80,500.00,0.90,3410.42,3172.61,237.00
4,3276.80,500.00,0.60,3410.42,3172.61,237.00
4,3276.80,500.00,1.00,3410.42,3172.61,237.00
4,3276.80,500.00,0.80,3410.42,3172.61,237.00
4,3276.80,500.00,0.90,3410.42,3172.61,237.00
4,3276.80,500.00,0.60,3410.42,3172.61,237.00
4,3276.80,500.00,0.80,3410.42,3172.61,237.00
4,3276.80,500.00,0.50,3410.42,3172.61,237.00
4,3276.80,500.00,0.80,3410.42,3172.61,237.00
4,3276.80,500.00,1.00,3410.42,3172.61,237.00
4,3276.80,500.00,0.90,3410.42,3172.61,237.00
4,3276.80,500.00,0.90,3410.42,3172.61,237.00
4,3276.80,500.00,1.00,3410.42,3172.61,237.00
4,3276.80,500.00,1.10,3410.42,3172.61,237.00
4,3276.80,500.00,0.80,3410.42,3172.61,237.00
1,3276.80,0.00,0.70,3410.42,3172.61,237.00
1,3276.80,0.00,1.00,3410.42,3172.61,237.00
1,3280.78,0.00,1.00,3410.42,3172.61,237.00
1,3276.80,0.00,1.00,3410.42,3172.61,237.00
1,3280.78,0.00,0.70,3223.51,3172.61,237.00
2,3276.80,0.00,0.80,3223.51,3172.61,237.00
2,3268.85,0.00,0.80,3223.51,3172.61,237.00
2,3272.82,0.00,0.90,3223.51,3172.61,237.00
2,3268.85,0.00,0.90,3223.51,3172.61,237.00
2,3268.85,0.00,0.80,3223.51,3250.55,237.00
3,3272.82,0.00,1.00,3223.51,3250.55,27.00
4,3272.82,500.00,0.70,3223.51,3250.55,27.00
4,3272.82,500.00,0.80,3223.51,3250.55,27.00
4,3272.82,500.00,1.00,3223.51,3250.55,27.00
4,3272.82,500.00,0.80,3223.51,3250.55,27.00
4,3272.82,500.00,0.70,3223.51,3250.55,27.00
4,3272.82,500.00,0.70,3223.51,3250.55,27.00
4,3272.82,500.00,0.80,3223.51,3250.55,27.00
4,3272.82,500.00,0.70,3223.51,3250.55,27.00
4,3272.82,500.00,0.80,3223.51,3250.55,27.00
4,3272.82,500.00,0.70,3223.51,3250.55,27.00
4,3272.82,500.00,0.80,3223.51,3250.55,27.00
4,3276.80,500.00,0.80,3223.51,3250.55,27.00
4,3272.82,500.00,0.80,3223.51,3250.55,27.00
4,3272.82,500.00,0.80,3223.51,3250.55,27.00
4,3272.82,500.00,0.70,3223.51,3250.55,27.00
4,3272.82,500.00,0.80,3223.51,3250.55,27.00
4,3272.82,500.00,0.80,3223.51,3250.55,27.00
4,3272.82,500.00,0.90,3223.51,3250.55,27.00
4,3272.82,500.00,0.80,3223.51,3250.55,27.00
4,3272.82,500.00,1.00,3223.51,3250.55,27.00
4,3272.82,500.00,0.80,3223.51,3250.55,27.00
4,3272.82,500.00,0.80,3223.51,3250.55,27.00
4,3272.82,500.00,0.70,3223.51,3250.55,27.00
4,3272.82,500.00,0.70,3223.51,3250.55,27.00
4,3272.82,500.00,0.90,3223.51,3250.55,27.00
4,3272.82,500.00,0.50,3223.51,3250.55,27.00
4,3272.82,500.00,0.90,3223.51,3250.55,27.00
4,3272.82,500.00,0.90,3223.51,3250.55,27.00
4,3272.82,500.00,0.70,3223.51,3250.55,27.00
4,3272.82,500.00,0.70,3223.51,3250.55,27.00
4,3272.82,500.00,0.90,3223.51,3250.55,27.00
4,3272.82,500.00,0.80,3223.51,3250.55,27.00
4,3272.82,500.00,0.90,3223.51,3250.55,27.00
4,3272.82,500.00,0.60,3223.51,3250.55,27.00
4,3272.82,500.00,0.80,3223.51,3250.55,27.00
4,3272.82,500.00,0.90,3223.51,3250.55,27.00
4,3272.82,500.00,0.70,3223.51,3250.55,27.00
4,3272.82,500.00,0.60,3223.51,3250.55,27.00
4,3272.82,500.00,0.70,3223.51,3250.55,27.00
4,3272.82,500.00,0.80,3223.51,3250.55,27.00
4,3272.82,500.00,0.70,3223.51,3250.55,27.00
1,3272.82,0.00,0.90,3223.51,3250.55,27.00
1,3276.80,0.00,0.80,3223.51,3250.55,27.00
1,3276.80,0.00,0.80,3223.51,3250.55,27.00
1,3276.80,0.00,0.70,3223.51,3250.55,27.00
1,3276.80,0.00,0.80,3225.90,3250.55,27.00
2,3280.78,0.00,0.80,3225.90,3250.55,27.00
2,3264.87,0.00,0.70,3225.90,3250.55,27.00
2,3268.85,0.00,0.90,3225.90,3250.55,27.00
2,3268.85,0.00,0.80,3225.90,3250.55,27.00
2,3268.85,0.00,0.70,3225.90,3374.63,27.00
3,3272.82,0.00,0.70,3225.90,3374.63,148.00
4,3268.85,500.00,0.90,3225.90,3374.63,148.00
4,3272.82,500.00,0.90,3225.90,3374.63,148.00
4,3268.85,500.00,1.00,3225.90,3374.63,148.00
4,3268.85,500.00,0.80,3225.90,3374.63,148.00
4,3268.85,500.00,0.70,3225.90,3374.63,148.00
4,3268.85,500.00,0.60,3225.90,3374.63,148.00
4,3268.85,500.00,0.70,3225.90,3374.63,148.00
4,3268.85,500.00,0.80,3225.90,3374.63,148.00
4,3268.85,500.00,0.70,3225.90,3374.63,148.00
4,3272.82,500.00,1.00,3225.90,3374.63,148.00
4,3268.85,500.00,0.70,3225.90,3374.63,148.00
4,3268.85,500.00,0.70,3225.90,3374.63,148.00
4,3268.85,500.00,0.80,3225.90,3374.63,148.00
4,3264.87,500.00,0.60,3225.90,3374.63,148.00
4,3264.87,500.00,0.90,3225.90,3374.63,148.00
4,3264.87,500.00,1.00,3225.90,3374.63,148.00
4,3264.87,500.00,0.90,3225.90,3374.63,148.00
4,3264.87,500.00,0.80,3225.90,3374.63,148.00
4,3264.87,500.00,0.70,3225.90,3374.63,148.00
4,3264.87,500.00,1.20,3225.90,3374.63,148.00
4,3264.87,500.00,1.00,3225.90,3374.63,148.00
4,3264.87,500.00,0.90,3225.90,3374.63,148.00
4,3264.87,500.00,0.90,3225.90,3374.63,148.00
4,3264.87,500.00,0.80,3225.90,3374.63,148.00
4,3264.87,500.00,0.90,3225.90,3374.63,148.00
4,3268.85,500.00,0.90,3225.90,3374.63,148.00
4,3264.87,500.00,1.00,3225.90,3374.63,148.00
4,3264.87,500.00,0.70,3225.90,3374.63,148.00
4,3264.87,500.00,0.90,3225.90,3374.63,148.00
4,3264.87,500.00,0.90,3225.90,3374.63,148.00
4,3264.87,500.00,0.60,3225.90,3374.63,148.00
4,3264.87,500.00,0.70,3225.90,3374.63,148.00
4,3264.87,500.00,0.70,3225.90,3374.63,148.00
4,3264.87,500.00,0.80,3225.90,3374.63,148.00
4,3264.87,500.00,0.80,3225.90,3374.63,148.00
4,3264.87,500.00,0.60,3225.90,3374.63,148.00
4,3264.87,500.00,0.90,3225.90,3374.63,148.00
4,3264.87,500.00,0.70,3225.90,3374.63,148.00
4,3264.87,500.00,1.00,3225.90,3374.63,148.00
4,3268.85,500.00,0.60,3225.90,3374.63,148.00
4,3264.87,500.00,0.50,3225.90,3374.63,148.00
1,3264.87,0.00,0.80,3225.90,3374.63,148.00
1,3264.87,0.00,0.90,3225.90,3374.63,148.00
1,3264.87,0.00,0.90,3225.90,3374.63,148.00
1,3264.87,0.00,0.60,3225.90,3374.63,148.00
1,3264.87,0.00,0.70,3450.18,3374.63,148.00
2,3264.87,0.00,0.80,3450.18,3374.63,148.00
2,3260.89,0.00,1.00,3450.18,3374.63,148.00
2,3260.89,0.00,0.80,3450.18,3374.63,148.00
2,3260.89,0.00,0.80,3450.18,3374.63,148.00
2,3260.89,0.00,0.60,3450.18,3219.54,148.00
3,3264.87,0.00,0.60,3450.18,3219.54,230.00
4,3260.89,500.00,0.90,3450.18,3219.54,230.00
4,3260.89,500.00,0.90,3450.18,3219.54,230.00
4,3260.89,500.00,0.80,3450.18,3219.54,230.00
4,3260.89,500.00,0.70,3450.18,3219.54,230.00
4,3260.89,500.00,1.00,3450.18,3219.54,230.00
4,3260.89,500.00,0.60,3450.18,3219.54,230.00
4,3260.89,500.00,0.50,3450.18,3219.54,230.00
4,3260.89,500.00,0.70,3450.18,3219.54,230.00
4,3260.89,500.00,1.00,3450.18,3219.54,230.00
4,3260.89,500.00,0.90,3450.18,3219.54,230.00
4,3260.89,500.00,0.60,3450.18,3219.54,230.00
4,3260.89,500.00,0.90,3450.18,3219.54,230.00
4,3260.89,500.00,1.00,3450.18,3219.54,230.00
4,3260.89,500.00,0.70,3450.18,3219.54,230.00
4,3260.89,500.00,0.90,3450.18,3219.54,230.00
4,3260.89,500.00,0.70,3450.18,3219.54,230.00
4,3260.89,500.00,1.00,3450.18,3219.54,230.00
4,3260.89,500.00,0.80,3450.18,3219.54,230.00
4,3260.89,500.00,0.90,3450.18,3219.54,230.00
4,3260.89,500.00,1.00,3450.18,3219.54,230.00
4,3260.89,500.00,0.80,3450.18,3219.54,230.00
4,3260.89,500.00,0.70,3450.18,3219.54,230.00
4,3260.89,500.00,0.80,3450.18,3219.54,230.00
4,3260.89,500.00,0.80,3450.18,3219.54,230.00
4,3260.89,500.00,0.50,3450.18,3219.54,230.00
4,3260.89,500.00,1.00,3450.18,3219.54,230.00
4,3260.89,500.00,0.90,3450.18,3219.54,230.00
4,3264.87,500.00,0.90,3450.18,3219.54,230.00
4,3260.89,500.00,0.80,3450.18,3219.54,230.00
4,3260.89,500.00,0.60,3450.18,3219.54,230.00
4,3260.89,500.00,0.70,3450.18,3219.54,230.00
4,3260.89,500.00,0.60,3450.18,3219.54,230.00
4,3260.89,500.00,0.80,3450.18,3219.54,230.00
4,3260.89,500.00,0.90,3450.18,3219.54,230.00
4,3260.89,500.00,0.70,3450.18,3219.54,230.00
4,3260.89,500.00,0.60,3450.18,3219.54,230.00
4,3260.89,500.00,0.80,3450.18,3219.54,230.00
4,3260.89,500.00,0.90,3450.18,3219.54,230.00
4,3260.89,500.00,0.70,3450.18,3219.54,230.00
4,3260.89,500.00,1.10,3450.18,3219.54,230.00
4,3260.89,500.00,0.90,3450.18,3219.54,230.00
1,3260.89,0.00,0.80,3450.18,3219.54,230.00
1,3260.89,0.00,0.50,3450.18,3219.54,230.00
1,3260.89,0.00,1.00,3450.18,3219.54,230.00
1,3264.87,0.00,0.80,3450.18,3219.54,230.00
1,3260.89,0.00,0.70,3345.20,3219.54,230.00
2,3260.89,0.00,0.70,3345.20,3219.54,230.00
2,3256.92,0.00,1.00,3345.20,3219.54,230.00
2,3256.92,0.00,0.80,3345.20,3219.54,230.00
2,3256.92,0.00,0.70,3345.20,3219.54,230.00
2,3256.92,0.00,0.70,3345.20,3251.35,230.00
3,3256.92,0.00,0.90,3345.20,3251.35,93.00
4,3260.89,500.00,0.90,3345.20,3251.35,93.00
4,3256.92,500.00,0.90,3345.20,3251.35,93.00
4,3260.89,500.00,0.50,3345.20,3251.35,93.00
4,3256.92,500.00,0.60,3345.20,3251.35,93.00
4,3260.89,500.00,0.90,3345.20,3251.35,93.00
4,3260.89,500.00,1.00,3345.20,3251.35,93.00
4,3260.89,500.00,0.70,3345.20,3251.35,93.00
4,3256.92,500.00,0.70,3345.20,3251.35,93.00
4,3256.92,500.00,0.80,3345.20,3251.35,93.00
4,3260.89,500.00,0.90,3345.20,3251.35,93.00
4,3256.92,500.00,0.80,3345.20,3251.35,93.00
4,3256.92,500.00,0.70,3345.20,3251.35,93.00
4,3256.92,500.00,0.90,3345.20,3251.35,93.00
4,3256.92,500.00,0.80,3345.20,3251.35,93.00
4,3256.92,500.00,0.70,3345.20,3251.35,93.00
4,3256.92,500.00,0.80,3345.20,3251.35,93.00
4,3256.92,500.00,1.10,3345.20,3251.35,93.00
4,3256.92,500.00,0.70,3345.20,3251.35,93.00
4,3256.92,500.00,1.00,3345.20,3251.35,93.00
4,3256.92,500.00,0.70,3345.20,3251.35,93.00
4,3256.92,500.00,0.90,3345.20,3251.35,93.00
4,3256.92,500.00,0.90,3345.20,3251.35,93.00
4,3256.92,500.00,0.90,3345.20,3251.35,93.00
4,3256.92,500.00,0.90,3345.20,3251.35,93.00
4,3256.92,500.00,0.80,3345.20,3251.35,93.00
4,3256.92,500.00,0.90,3345.20,3251.35,93.00
4,3256.92,500.00,0.90,3345.20,3251.35,93.00
4,3256.92,500.00,0.80,3345.20,3251.35,93.00
4,3256.92,500.00,0.90,3345.20,3251.35,93.00
4,3256.92,500.00,0.80,3345.20,3251.35,93.00
4,3256.92,500.00,0.80,3345.20,3251.35,93.00
4,3256.92,500.00,0.50,3345.20,3251.35,93.00
4,3256.92,500.00,0.50,3345.20,3251.35,93.00
4,3256.92,500.00,0.80,3345.20,3251.35,93.00
4,3256.92,500.00,0.90,3345.20,3251.35,93.00
4,3256.92,500.00,1.00,3345.20,3251.35,93.00
4,3256.92,500.00,0.90,3345.20,3251.35,93.00
4,3256.92,500.00,0.60,3345.20,3251.35,93.00
4,3256.92,500.00,1.00,3345.20,3251.35,93.00
4,3256.92,500.00,0.90,3345.20,3251.35,93.00
4,3256.92,500.00,1.00,3345.20,3251.35,93.00
1,3256.92,0.00,0.70,3345.20,3251.35,93.00
1,3256.92,0.00,1.10,3345.20,3251.35,93.00
1,3256.92,0.00,0.70,3345.20,3251.35,93.00
1,3256.92,0.00,0.70,3345.20,3251.35,93.00
1,3256.92,0.00,0.90,3446.21,3251.35,93.00
2,3256.92,0.00,1.00,3446.21,3251.35,93.00
2,3256.92,0.00,1.00,3446.21,3251.35,93.00
2,3252.94,0.00,0.50,3446.21,3251.35,93.00
2,3256.92,0.00,0.90,3446.21,3251.35,93.00
2,3256.92,0.00,1.00,3446.21,3358.72,93.00
3,3256.92,0.00,0.70,3446.21,3358.72,87.00
4,3256.92,500.00,0.80,3446.21,3358.72,87.00
4,3256.92,500.00,1.00,3446.21,3358.72,87.00
4,3256.92,500.00,0.60,3446.21,3358.72,87.00
4,3264.87,500.00,0.80,3446.21,3358.72,87.00
4,3256.92,500.00,0.90,3446.21,3358.72,87.00
4,3256.92,500.00,0.90,3446.21,3358.72,87.00
4,3256.92,500.00,1.00,3446.21,3358.72,87.00
4,3256.92,500.00,0.70,3446.21,3358.72,87.00
4,3256.92,500.00,0.80,3446.21,3358.72,87.00
4,3256.92,500.00,0.80,3446.21,3358.72,87.00
4,3256.92,500.00,0.80,3446.21,3358.72,87.00
4,3256.92,500.00,0.80,3446.21,3358.72,87.00
4,3256.92,500.00,0.80,3446.21,3358.72,87.00
4,3256.92,500.00,0.90,3446.21,3358.72,87.00
4,3256.92,500.00,0.80,3446.21,3358.72,87.00
4,3256.92,500.00,0.90,3446.21,3358.72,87.00
4,3256.92,500.00,0.90,3446.21,3358.72,87.00
4,3256.92,500.00,0.90,3446.21,3358.72,87.00
4,3256.92,500.00,0.80,3446.21,3358.72,87.00
4,3256.92,500.00,0.50,3446.21,3358.72,87.00
4,3256.92,500.00,0.70,3446.21,3358.72,87.00
4,3256.92,500.00,0.80,3446.21,3358.72,87.00
4,3256.92,500.00,0.60,3446.21,3358.72,87.00
4,3256.92,500.00,0.90,3446.21,3358.72,87.00
4,3256.92,500.00,0.80,3446.21,3358.72,87.00
4,3256.92,500.00,0.80,3446.21,3358.72,87.00
4,3252.94,500.00,1.10,3446.21,3358.72,87.00
4,3256.92,500.00,0.70,3446.21,3358.72,87.00
4,3256.92,500.00,0.80,3446.21,3358.72,87.00
4,3256.92,500.00,0.70,3446.21,3358.72,87.00
4,3256.92,500.00,0.80,3446.21,3358.72,87.00
4,3256.92,500.00,0.70,3446.21,3358.72,87.00
4,3256.92,500.00,0.50,3446.21,3358.72,87.00
4,3256.92,500.00,0.80,3446.21,3358.72,87.00
4,3256.92,500.00,1.00,3446.21,3358.72,87.00
4,3256.92,500.00,0.90,3446.21,3358.72,87.00
4,3256.92,500.00,0.90,3446.21,3358.72,87.00
4,3256.92,500.00,0.90,3446.21,3358.72,87.00
4,3256.92,500.00,0.90,3446.21,3358.72,87.00
4,3256.92,500.00,0.80,3446.21,3358.72,87.00
4,3256.92,500.00,0.80,3446.21,3358.72,87.00
1,3252.94,0.00,0.80,3446.21,3358.72,87.00
1,3256.92,0.00,0.90,3446.21,3358.72,87.00
1,3256.92,0.00,1.00,3446.21,3358.72,87.00
1,3256.92,0.00,0.70,3446.21,3358.72,87.00
1,3256.92,0.00,1.20,3317.36,3358.72,87.00
2,3256.92,0.00,0.70,3317.36,3358.72,87.00
2,3256.92,0.00,0.60,3317.36,3358.72,87.00
2,3252.94,0.00,0.70,3317.36,3358.72,87.00
2,3252.94,0.00,0.90,3317.36,3358.72,87.00
2,3252.94,0.00,1.00,3317.36,3193.29,87.00
3,3256.92,0.00,0.70,3317.36,3193.29,124.00
4,3256.92,500.00,0.90,3317.36,3193.29,124.00
4,3256.92,500.00,0.70,3317.36,3193.29,124.00
4,3256.92,500.00,0.70,3317.36,3193.29,124.00
4,3256.92,500.00,0.90,3317.36,3193.29,124.00
4,3256.92,500.00,0.60,3317.36,3193.29,124.00
4,3252.94,500.00,1.00,3317.36,3193.29,124.00
4,3256.92,500.00,0.90,3317.36,3193.29,124.00
4,3252.94,500.00,0.70,3317.36,3193.29,124.00
4,3252.94,500.00,0.70,3317.36,3193.29,124.00
4,3252.94,500.00,0.80,3317.36,3193.29,124.00
4,3252.94,500.00,0.90,3317.36,3193.29,124.00
4,3256.92,500.00,0.80,3317.36,3193.29,124.00
4,3252.94,500.00,0.90,3317.36,3193.29,124.00
4,3252.94,500.00,0.80,3317.36,3193.29,124.00
4,3252.94,500.00,0.90,3317.36,3193.29,124.00
4,3260.89,500.00,0.90,3317.36,3193.29,124.00
4,3252.94,500.00,1.00,3317.36,3193.29,124.00
4,3256.92,500.00,0.80,3317.36,3193.29,124.00
4,3252.94,500.00,0.70,3317.36,3193.29,124.00
4,3252.94,500.00,0.80,3317.36,3193.29,124.00
4,3256.92,500.00,0.90,3317.36,3193.29,124.00
4,3252.94,500.00,1.10,3317.36,3193.29,124.00
4,3252.94,500.00,0.70,3317.36,3193.29,124.00
4,3252.94,500.00,0.80,3317.36,3193.29,124.00
4,3256.92,500.00,1.10,3317.36,3193.29,124.00
4,3252.94,500.00,0.80,3317.36,3193.29,124.00
4,3252.94,500.00,0.90,3317.36,3193.29,124.00
4,3256.92,500.00,1.00,3317.36,3193.29,124.00
4,3252.94,500.00,0.70,3317.36,3193.29,124.00
4,3252.94,500.00,0.90,3317.36,3193.29,124.00
4,3252.94,500.00,0.90,3317.36,3193.29,124.00
4,3256.92,500.00,0.70,3317.36,3193.29,124.00
4,3252.94,500.00,0.90,3317.36,3193.29,124.00
4,3264.87,500.00,0.80,3317.36,3193.29,124.00
4,3252.94,500.00,0.60,3317.36,3193.29,124.00
4,3252.94,500.00,0.90,3317.36,3193.29,124.00
4,3252.94,500.00,1.00,3317.36,3193.29,124.00
4,3252.94,500.00,0.70,3317.36,3193.29,124.00
4,3252.94,500.00,0.80,3317.36,3193.29,124.00
4,3252.94,500.00,0.70,3317.36,3193.29,124.00
4,3252.94,500.00,0.90,3317.36,3193.29,124.00
1,3252.94,0.00,0.60,3317.36,3193.29,124.00
1,3252.94,0.00,0.60,3317.36,3193.29,124.00
1,3252.94,0.00,0.70,3317.36,3193.29,124.00
1,3256.92,0.00,0.50,3317.36,3193.29,124.00
1,3252.94,0.00,0.60,3388.94,3193.29,124.00
2,3252.94,0.00,0.90,3388.94,3193.29,124.00
2,3252.94,0.00,0.80,3388.94,3193.29,124.00
2,3252.94,0.00,0.70,3388.94,3193.29,124.00
2,3252.94,0.00,0.90,3388.94,3193.29,124.00
2,3252.94,0.00,0.80,3388.94,3351.56,124.00
3,3252.94,0.00,0.90,3388.94,3351.56,37.00
4,3256.92,500.00,1.00,3388.94,3351.56,37.00
4,3252.94,500.00,0.90,3388.94,3351.56,37.00
4,3252.94,500.00,0.70,3388.94,3351.56,37.00
4,3252.94,500.00,0.70,3388.94,3351.56,37.00
4,3252.94,500.00,1.00,3388.94,3351.56,37.00
4,3252.94,500.00,0.80,3388.94,3351.56,37.00
4,3256.92,500.00,1.00,3388.94,3351.56,37.00
4,3252.94,500.00,1.00,3388.94,3351.56,37.00
4,3252.94,500.00,0.60,3388.94,3351.56,37.00
4,3252.94,500.00,1.10,3388.94,3351.56,37.00
4,3252.94,500.00,0.90,3388.94,3351.56,37.00
4,3252.94,500.00,0.90,3388.94,3351.56,37.00
4,3252.94,500.00,0.90,3388.94,3351.56,37.00
4,3252.94,500.00,0.60,3388.94,3351.56,37.00
4,3252.94,500.00,1.00,3388.94,3351.56,37.00
4,3252.94,500.00,0.70,3388.94,3351.56,37.00
4,3252.94,500.00,1.00,3388.94,3351.56,37.00
4,3252.94,500.00,0.90,3388.94,3351.56,37.00
4,3252.94,500.00,0.70,3388.94,3351.56,37.00
4,3252.94,500.00,0.80,3388.94,3351.56,37.00
4,3252.94,500.00,0.90,3388.94,3351.56,37.00
4,3256.92,500.00,0.90,3388.94,3351.56,37.00
4,3252.94,500.00,0.60,3388.94,3351.56,37.00
4,3252.94,500.00,0.70,3388.94,3351.56,37.00
4,3252.94,500.00,0.80,3388.94,3351.56,37.00
4,3252.94,500.00,0.70,3388.94,3351.56,37.00
4,3252.94,500.00,0.80,3388.94,3351.56,37.00
4,3252.94,500.00,0.80,3388.94,3351.56,37.00
4,3252.94,500.00,0.70,3388.94,3351.56,37.00
4,3252.94,500.00,0.90,3388.94,3351.56,37.00
4,3252.94,500.00,0.60,3388.94,3351.56,37.00
4,3256.92,500.00,0.90,3388.94,3351.56,37.00
4,3252.94,500.00,0.50,3388.94,3351.56,37.00
4,3252.94,500.00,0.60,3388.94,3351.56,37.00
4,3252.94,500.00,0.80,3388.94,3351.56,37.00
4,3260.89,500.00,0.90,3388.94,3351.56,37.00
4,3252.94,500.00,1.00,3388.94,3351.56,37.00
4,3252.94,500.00,1.00,3388.94,3351.56,37.00
4,3252.94,500.00,0.70,3388.94,3351.56,37.00
4,3252.94,500.00,0.80,3388.94,3351.56,37.00
4,3252.94,500.00,0.90,3388.94,3351.56,37.00
1,3252.94,0.00,0.80,3388.94,3351.56,37.00
1,3252.94,0.00,0.80,3388.94,3351.56,37.00
1,3252.94,0.00,1.00,3388.94,3351.56,37.00
1,3252.94,0.00,1.00,3388.94,3351.56,37.00
1,3252.94,0.00,0.90,3352.36,3351.56,37.00
2,3252.94,0.00,1.00,3352.36,3351.56,37.00
2,3252.94,0.00,0.70,3352.36,3351.56,37.00
2,3252.94,0.00,1.00,3352.36,3351.56,37.00
2,3252.94,0.00,1.20,3352.36,3351.56,37.00
2,3252.94,0.00,0.60,3352.36,3190.11,37.00
3,3252.94,0.00,1.00,3352.36,3190.11,162.00
4,3252.94,500.00,0.80,3352.36,3190.11,162.00
4,3252.94,500.00,1.00,3352.36,3190.11,162.00
4,3252.94,500.00,0.90,3352.36,3190.11,162.00
4,3252.94,500.00,0.80,3352.36,3190.11,162.00
4,3252.94,500.00,0.80,3352.36,3190.11,162.00
4,3252.94,500.00,0.80,3352.36,3190.11,162.00
4,3252.94,500.00,1.00,3352.36,3190.11,162.00
4,3252.94,500.00,1.30,3352.36,3190.11,162.00
4,3252.94,500.00,0.90,3352.36,3190.11,162.00
4,3252.94,500.00,0.80,3352.36,3190.11,162.00
4,3252.94,500.00,0.70,3352.36,3190.11,162.00
4,3252.94,500.00,0.70,3352.36,3190.11,162.00
4,3252.94,500.00,0.80,3352.36,3190.11,162.00
4,3252.94,500.00,1.00,3352.36,3190.11,162.00
4,3252.94,500.00,0.90,3352.36,3190.11,162.00
4,3252.94,500.00,0.90,3352.36,3190.11,162.00
4,3252.94,500.00,0.70,3352.36,3190.11,162.00
4,3252.94,500.00,1.00,3352.36,3190.11,162.00
4,3252.94,500.00,0.80,3352.36,3190.11,162.00
4,3252.94,500.00,0.70,3352.36,3190.11,162.00
4,3252.94,500.00,0.90,3352.36,3190.11,162.00
4,3252.94,500.00,1.30,3352.36,3190.11,162.00
4,3252.94,500.00,0.70,3352.36,3190.11,162.00
4,3252.94,500.00,0.80,3352.36,3190.11,162.00
4,3252.94,500.00,0.80,3352.36,3190.11,162.00
4,3252.94,500.00,0.70,3352.36,3190.11,162.00
4,3252.94,500.00,0.80,3352.36,3190.11,162.00
4,3252.94,500.00,0.60,3352.36,3190.11,162.00
4,3252.94,500.00,0.70,3352.36,3190.11,162.00
4,3252.94,500.00,0.80,3352.36,3190.11,162.00
4,3252.94,500.00,0.70,3352.36,3190.11,162.00
4,3252.94,500.00,0.80,3352.36,3190.11,162.00
4,3252.94,500.00,0.70,3352.36,3190.11,162.00
4,3252.94,500.00,0.90,3352.36,3190.11,162.00
4,3252.94,500.00,0.70,3352.36,3190.11,162.00
4,3252.94,500.00,0.90,3352.36,3190.11,162.00
4,3252.94,500.00,0.70,3352.36,3190.11,162.00
4,3252.94,500.00,0.90,3352.36,3190.11,162.00
4,3252.94,500.00,0.70,3352.36,3190.11,162.00
4,3252.94,500.00,0.70,3352.36,3190.11,162.00
4,3252.94,500.00,0.70,3352.36,3190.11,162.00
1,3252.94,0.00,0.70,3352.36,3190.11,162.00
1,3252.94,0.00,0.70,3352.36,3190.11,162.00
1,3252.94,0.00,1.00,3352.36,3190.11,162.00
1,3252.94,0.00,0.80,3352.36,3190.11,162.00
1,3252.94,0.00,0.80,3391.33,3190.11,162.00
2,3252.94,0.00,0.70,3391.33,3190.11,162.00
2,3252.94,0.00,0.90,3391.33,3190.11,162.00
2,3252.94,0.00,1.00,3391.33,3190.11,162.00
2,3252.94,0.00,0.80,3391.33,3190.11,162.00
2,3252.94,0.00,0.70,3391.33,3315.77,162.00
3,3252.94,0.00,0.80,3391.33,3315.77,75.00
4,3256.92,500.00,0.80,3391.33,3315.77,75.00
4,3252.94,500.00,0.70,3391.33,3315.77,75.00
4,3252.94,500.00,0.80,3391.33,3315.77,75.00
4,3252.94,500.00,0.70,3391.33,3315.77,75.00
4,3252.94,500.00,0.90,3391.33,3315.77,75.00
4,3252.94,500.00,0.90,3391.33,3315.77,75.00
4,3252.94,500.00,0.60,3391.33,3315.77,75.00
4,3252.94,500.00,0.80,3391.33,3315.77,75.00
4,3252.94,500.00,0.70,3391.33,3315.77,75.00
4,3252.94,500.00,0.70,3391.33,3315.77,75.00
4,3252.94,500.00,0.70,3391.33,3315.77,75.00
4,3252.94,500.00,0.70,3391.33,3315.77,75.00
4,3252.94,500.00,0.90,3391.33,3315.77,75.00
4,3256.92,500.00,0.80,3391.33,3315.77,75.00
4,3252.94,500.00,0.80,3391.33,3315.77,75.00
4,3252.94,500.00,0.60,3391.33,3315.77,75.00
4,3252.94,500.00,0.90,3391.33,3315.77,75.00
4,3252.94,500.00,0.90,3391.33,3315.77,75.00
4,3252.94,500.00,0.80,3391.33,3315.77,75.00
4,3252.94,500.00,0.60,3391.33,3315.77,75.00
4,3252.94,500.00,0.80,3391.33,3315.77,75.00
4,3252.94,500.00,0.80,3391.33,3315.77,75.00
4,3252.94,500.00,0.90,3391.33,3315.77,75.00
4,3252.94,500.00,0.80,3391.33,3315.77,75.00
4,3252.94,500.00,0.70,3391.33,3315.77,75.00
4,3252.94,500.00,0.80,3391.33,3315.77,75.00
4,3252.94,500.00,0.80,3391.33,3315.77,75.00
4,3252.94,500.00,0.50,3391.33,3315.77,75.00
4,3252.94,500.00,0.80,3391.33,3315.77,75.00
4,3252.94,500.00,0.80,3391.33,3315.77,75.00
4,3252.94,500.00,0.50,3391.33,3315.77,75.00
4,3252.94,500.00,0.50,3391.33,3315.77,75.00
4,3252.94,500.00,0.80,3391.33,3315.77,75.00
4,3252.94,500.00,0.80,3391.33,3315.77,75.00
4,3252.94,500.00,0.80,3391.33,3315.77,75.00
4,3252.94,500.00,0.80,3391.33,3315.77,75.00
4,3252.94,500.00,0.90,3391.33,3315.77,75.00
4,3252.94,500.00,1.00,3391.33,3315.77,75.00
4,3252.94,500.00,0.70,3391.33,3315.77,75.00
4,3256.92,500.00,0.80,3391.33,3315.77,75.00
4,3252.94,500.00,0.90,3391.33,3315.77,75.00
1,3252.94,0.00,0.80,3391.33,3315.77,75.00
1,3252.94,0.00,0.70,3391.33,3315.77,75.00
1,3252.94,0.00,0.80,3391.33,3315.77,75.00
1,3252.94,0.00,0.60,3391.33,3315.77,75.00
1,3252.94,0.00,0.70,3208.40,3315.77,75.00
2,3252.94,0.00,1.00,3208.40,3315.77,75.00
2,3252.94,0.00,0.80,3208.40,3315.77,75.00
2,3252.94,0.00,0.90,3208.40,3315.77,75.00
2,3252.94,0.00,0.90,3208.40,3315.77,75.00
2,3252.94,0.00,0.50,3208.40,3369.06,75.00
3,3252.94,0.00,0.80,3208.40,3369.06,160.00
4,3252.94,500.00,0.80,3208.40,3369.06,160.00
4,3252.94,500.00,0.80,3208.40,3369.06,160.00
4,3252.94,500.00,1.00,3208.40,3369.06,160.00
4,3252.94,500.00,0.90,3208.40,3369.06,160.00
4,3252.94,500.00,0.70,3208.40,3369.06,160.00
4,3252.94,500.00,1.10,3208.40,3369.06,160.00
4,3252.94,500.00,0.90,3208.40,3369.06,160.00
4,3252.94,500.00,0.80,3208.40,3369.06,160.00
4,3252.94,500.00,0.80,3208.40,3369.06,160.00
4,3252.94,500.00,0.70,3208.40,3369.06,160.00
4,3252.94,500.00,0.70,3208.40,3369.06,160.00
4,3252.94,500.00,0.70,3208.40,3369.06,160.00
4,3252.94,500.00,0.70,3208.40,3369.06,160.00
4,3252.94,500.00,0.80,3208.40,3369.06,160.00
4,3252.94,500.00,0.70,3208.40,3369.06,160.00
4,3252.94,500.00,1.00,3208.40,3369.06,160.00
4,3252.94,500.00,0.50,3208.40,3369.06,160.00
4,3252.94,500.00,0.60,3208.40,3369.06,160.00
4,3252.94,500.00,0.80,3208.40,3369.06,160.00
4,3252.94,500.00,1.10,3208.40,3369.06,160.00
4,3252.94,500.00,0.80,3208.40,3369.06,160.00
4,3252.94,500.00,0.60,3208.40,3369.06,160.00
4,3252.94,500.00,1.10,3208.40,3369.06,160.00
4,3252.94,500.00,0.80,3208.40,3369.06,160.00
4,3260.89,500.00,1.00,3208.40,3369.06,160.00
4,3252.94,500.00,0.70,3208.40,3369.06,160.00
4,3252.94,500.00,0.70,3208.40,3369.06,160.00
4,3252.94,500.00,0.90,3208.40,3369.06,160.00
4,3252.94,500.00,1.00,3208.40,3369.06,160.00
4,3252.94,500.00,1.10,3208.40,3369.06,160.00
4,3252.94,500.00,0.70,3208.40,3369.06,160.00
4,3252.94,500.00,0.90,3208.40,3369.06,160.00
4,3252.94,500.00,0.90,3208.40,3369.06,160.00
4,3252.94,500.00,0.80,3208.40,3369.06,160.00
4,3252.94,500.00,0.80,3208.40,3369.06,160.00
4,3252.94,500.00,0.60,3208.40,3369.06,160.00
4,3252.94,500.00,1.00,3208.40,3369.06,160.00
4,3252.94,500.00,1.00,3208.40,3369.06,160.00
4,3252.94,500.00,0.90,3208.40,3369.06,160.00
4,3252.94,500.00,1.10,3208.40,3369.06,160.00
4,3252.94,500.00,0.90,3208.40,3369.06,160.00
1,3252.94,0.00,0.90,3208.40,3369.06,160.00
1,3252.94,0.00,0.80,3208.40,3369.06,160.00
1,3252.94,0.00,0.90,3208.40,3369.06,160.00
1,3252.94,0.00,0.70,3208.40,3369.06,160.00
1,3252.94,0.00,0.90,3258.51,3369.06,160.00
2,3252.94,0.00,0.90,3258.51,3369.06,160.00
2,3252.94,0.00,0.70,3258.51,3369.06,160.00
2,3252.94,0.00,0.80,3258.51,3369.06,160.00
2,3252.94,0.00,0.60,3258.51,3369.06,160.00
2,3252.94,0.00,1.00,3258.51,3190.90,160.00
3,3252.94,0.00,0.90,3258.51,3190.90,67.00
4,3252.94,500.00,0.80,3258.51,3190.90,67.00
4,3252.94,500.00,1.10,3258.51,3190.90,67.00
4,3252.94,500.00,0.70,3258.51,3190.90,67.00
4,3252.94,500.00,0.90,3258.51,3190.90,67.00
4,3252.94,500.00,0.90,3258.51,3190.90,67.00
4,3252.94,500.00,0.90,3258.51,3190.90,67.00
4,3252.94,500.00,0.70,3258.51,3190.90,67.00
4,3252.94,500.00,0.70,3258.51,3190.90,67.00
4,3252.94,500.00,0.90,3258.51,3190.90,67.00
4,3252.94,500.00,0.70,3258.51,3190.90,67.00
4,3252.94,500.00,0.60,3258.51,3190.90,67.00
4,3252.94,500.00,0.90,3258.51,3190.90,67.00
4,3252.94,500.00,0.80,3258.51,3190.90,67.00
4,3252.94,500.00,0.80,3258.51,3190.90,67.00
4,3252.94,500.00,1.10,3258.51,3190.90,67.00
4,3252.94,500.00,0.60,3258.51,3190.90,67.00
4,3252.94,500.00,0.90,3258.51,3190.90,67.00
4,3252.94,500.00,0.60,3258.51,3190.90,67.00
4,3252.94,500.00,0.90,3258.51,3190.90,67.00
4,3252.94,500.00,0.90,3258.51,3190.90,67.00
4,3252.94,500.00,0.70,3258.51,3190.90,67.00
4,3252.94,500.00,0.70,3258.51,3190.90,67.00
4,3260.89,500.00,1.00,3258.51,3190.90,67.00
4,3252.94,500.00,0.80,3258.51,3190.90,67.00
4,3252.94,500.00,0.80,3258.51,3190.90,67.00
4,3252.94,500.00,1.00,3258.51,3190.90,67.00
4,3252.94,500.00,0.80,3258.51,3190.90,67.00
4,3252.94,500.00,0.80,3258.51,3190.90,67.00
4,3252.94,500.00,0.80,3258.51,3190.90,67.00
4,3252.94,500.00,0.80,3258.51,3190.90,67.00
4,3252.94,500.00,0.80,3258.51,3190.90,67.00
4,3252.94,500.00,0.60,3258.51,3190.90,67.00
4,3252.94,500.00,0.60,3258.51,3190.90,67.00
4,3252.94,500.00,1.00,3258.51,3190.90,67.00
4,3252.94,500.00,1.00,3258.51,3190.90,67.00
4,3252.94,500.00,0.80,3258.51,3190.90,67.00
4,3252.94,500.00,1.00,3258.51,3190.90,67.00
4,3252.94,500.00,0.80,3258.51,3190.90,67.00
4,3252.94,500.00,0.70,3258.51,3190.90,67.00
4,3252.94,500.00,0.70,3258.51,3190.90,67.00
4,3252.94,500.00,0.70,3258.51,3190.90,67.00
1,3252.94,0.00,0.80,3258.51,3190.90,67.00
1,3252.94,0.00,0.90,3258.51,3190.90,67.00
1,3252.94,0.00,0.90,3258.51,3190.90,67.00
1,3252.94,0.00,0.90,3258.51,3190.90,67.00
1,3252.94,0.00,0.90,3343.61,3190.90,67.00
2,3252.94,0.00,0.80,3343.61,3190.90,67.00
2,3252.94,0.00,0.70,3343.61,3190.90,67.00
2,3252.94,0.00,0.50,3343.61,3190.90,67.00
2,3252.94,0.00,0.70,3343.61,3190.90,67.00
2,3252.94,0.00,0.80,3343.61,3248.17,67.00
3,3256.92,0.00,0.60,3343.61,3248.17,95.00
4,3252.94,500.00,0.70,3343.61,3248.17,95.00
4,3252.94,500.00,0.80,3343.61,3248.17,95.00
4,3252.94,500.00,0.60,3343.61,3248.17,95.00
4,3248.96,500.00,0.70,3343.61,3248.17,95.00
4,3252.94,500.00,1.10,3343.61,3248.17,95.00
4,3252.94,500.00,0.50,3343.61,3248.17,95.00
4,3252.94,500.00,0.80,3343.61,3248.17,95.00
4,3252.94,500.00,0.70,3343.61,3248.17,95.00
4,3252.94,500.00,0.80,3343.61,3248.17,95.00
4,3252.94,500.00,1.10,3343.61,3248.17,95.00
4,3256.92,500.00,0.70,3343.61,3248.17,95.00
4,3252.94,500.00,0.60,3343.61,3248.17,95.00
4,3252.94,500.00,0.70,3343.61,3248.17,95.00
4,3252.94,500.00,0.90,3343.61,3248.17,95.00
4,3252.94,500.00,0.90,3343.61,3248.17,95.00
4,3252.94,500.00,1.00,3343.61,3248.17,95.00
4,3252.94,500.00,0.70,3343.61,3248.17,95.00
4,3252.94,500.00,0.70,3343.61,3248.17,95.00
4,3252.94,500.00,0.80,3343.61,3248.17,95.00
4,3252.94,500.00,0.90,3343.61,3248.17,95.00
4,3252.94,500.00,0.30,3343.61,3248.17,95.00
4,3252.94,500.00,0.80,3343.61,3248.17,95.00
4,3252.94,500.00,0.90,3343.61,3248.17,95.00
4,3252.94,500.00,1.00,3343.61,3248.17,95.00
4,3252.94,500.00,0.80,3343.61,3248.17,95.00
4,3252.94,500.00,0.70,3343.61,3248.17,95.00
4,3252.94,500.00,1.00,3343.61,3248.17,95.00
4,3252.94,500.00,0.60,3343.61,3248.17,95.00
4,3252.94,500.00,0.70,3343.61,3248.17,95.00
4,3252.94,500.00,0.70,3343.61,3248.17,95.00
4,3252.94,500.00,0.90,3343.61,3248.17,95.00
4,3252.94,500.00,0.80,3343.61,3248.17,95.00
4,3256.92,500.00,0.40,3343.61,3248.17,95.00
4,3252.94,500.00,0.90,3343.61,3248.17,95.00
4,3252.94,500.00,0.70,3343.61,3248.17,95.00
4,3252.94,500.00,0.90,3343.61,3248.17,95.00
4,3252.94,500.00,0.70,3343.61,3248.17,95.00
4,3252.94,500.00,0.80,3343.61,3248.17,95.00
4,3252.94,500.00,1.00,3343.61,3248.17,95.00
4,3252.94,500.00,0.80,3343.61,3248.17,95.00
4,3252.94,500.00,1.10,3343.61,3248.17,95.00
1,3252.94,0.00,0.80,3343.61,3248.17,95.00
1,3252.94,0.00,0.80,3343.61,3248.17,95.00
1,3260.89,0.00,0.90,3343.61,3248.17,95.00
1,3252.94,0.00,1.10,3343.61,3248.17,95.00
1,3252.94,0.00,0.90,3223.51,3248.17,95.00
2,3252.94,0.00,0.50,3223.51,3248.17,95.00
2,3252.94,0.00,0.70,3223.51,3248.17,95.00
2,3252.94,0.00,0.90,3223.51,3248.17,95.00
2,3252.94,0.00,0.60,3223.51,3248.17,95.00
2,3252.94,0.00,1.00,3223.51,3303.05,95.00
3,3252.94,0.00,1.00,3223.51,3303.05,79.00
4,3252.94,500.00,1.00,3223.51,3303.05,79.00
4,3252.94,500.00,1.00,3223.51,3303.05,79.00
4,3260.89,500.00,0.90,3223.51,3303.05,79.00
4,3252.94,500.00,0.80,3223.51,3303.05,79.00
4,3252.94,500.00,0.80,3223.51,3303.05,79.00
4,3252.94,500.00,0.60,3223.51,3303.05,79.00
4,3252.94,500.00,0.80,3223.51,3303.05,79.00
4,3252.94,500.00,0.70,3223.51,3303.05,79.00
4,3252.94,500.00,0.90,3223.51,3303.05,79.00
4,3252.94,500.00,0.80,3223.51,3303.05,79.00
4,3252.94,500.00,0.90,3223.51,3303.05,79.00
4,3252.94,500.00,0.60,3223.51,3303.05,79.00
4,3252.94,500.00,0.70,3223.51,3303.05,79.00
4,3252.94,500.00,1.00,3223.51,3303.05,79.00
4,3252.94,500.00,0.80,3223.51,3303.05,79.00
4,3252.94,500.00,0.80,3223.51,3303.05,79.00
4,3252.94,500.00,0.90,3223.51,3303.05,79.00
4,3252.94,500.00,0.80,3223.51,3303.05,79.00
4,3252.94,500.00,1.20,3223.51,3303.05,79.00
4,3256.92,500.00,0.90,3223.51,3303.05,79.00
4,3252.94,500.00,0.80,3223.51,3303.05,79.00
4,3252.94,500.00,1.00,3223.51,3303.05,79.00
4,3252.94,500.00,1.00,3223.51,3303.05,79.00
4,3252.94,500.00,1.00,3223.51,3303.05,79.00
4,3252.94,500.00,0.80,3223.51,3303.05,79.00
4,3252.94,500.00,1.00,3223.51,3303.05,79.00
4,3252.94,500.00,0.80,3223.51,3303.05,79.00
4,3252.94,500.00,0.80,3223.51,3303.05,79.00
4,3252.94,500.00,0.90,3223.51,3303.05,79.00
4,3252.94,500.00,0.90,3223.51,3303.05,79.00
4,3252.94,500.00,0.80,3223.51,3303.05,79.00
4,3252.94,500.00,0.80,3223.51,3303.05,79.00
4,3252.94,500.00,0.60,3223.51,3303.05,79.00
4,3252.94,500.00,0.70,3223.51,3303.05,79.00
4,3252.94,500.00,0.70,3223.51,3303.05,79.00
4,3252.94,500.00,0.80,3223.51,3303.05,79.00
4,3252.94,500.00,0.90,3223.51,3303.05,79.00
4,3252.94,500.00,1.30,3223.51,3303.05,79.00
4,3252.94,500.00,1.00,3223.51,3303.05,79.00
4,3252.94,500.00,0.70,3223.51,3303.05,79.00
4,3252.94,500.00,0.90,3223.51,3303.05,79.00
1,3252.94,0.00,0.70,3223.51,3303.05,79.00
1,3252.94,0.00,0.80,3223.51,3303.05,79.00
1,3252.94,0.00,0.90,3223.51,3303.05,79.00
1,3248.96,0.00,0.60,3223.51,3303.05,79.00
1,3252.94,0.00,1.00,3447.80,3303.05,79.00
2,3256.92,0.00,0.60,3447.80,3303.05,79.00
2,3252.94,0.00,0.90,3447.80,3303.05,79.00
2,3252.94,0.00,1.00,3447.80,3303.05,79.00
2,3252.94,0.00,0.70,3447.80,3303.05,79.00
2,3252.94,0.00,0.70,3447.80,3201.24,79.00
3,3252.94,0.00,0.60,3447.80,3201.24,246.00
4,3252.94,500.00,0.80,3447.80,3201.24,246.00
4,3252.94,500.00,0.80,3447.80,3201.24,246.00
4,3252.94,500.00,0.80,3447.80,3201.24,246.00
4,3252.94,500.00,1.00,3447.80,3201.24,246.00
4,3252.94,500.00,0.70,3447.80,3201.24,246.00
4,3252.94,500.00,1.00,3447.80,3201.24,246.00
4,3252.94,500.00,0.90,3447.80,3201.24,246.00
4,3252.94,500.00,0.90,3447.80,3201.24,246.00
4,3252.94,500.00,0.70,3447.80,3201.24,246.00
4,3252.94,500.00,0.70,3447.80,3201.24,246.00
4,3252.94,500.00,0.80,3447.80,3201.24,246.00
4,3252.94,500.00,0.90,3447.80,3201.24,246.00
4,3256.92,500.00,0.60,3447.80,3201.24,246.00
4,3252.94,500.00,0.70,3447.80,3201.24,246.00
4,3252.94,500.00,0.70,3447.80,3201.24,246.00
4,3252.94,500.00,0.50,3447.80,3201.24,246.00
4,3252.94,500.00,0.80,3447.80,3201.24,246.00
4,3252.94,500.00,0.80,3447.80,3201.24,246.00
4,3252.94,500.00,0.80,3447.80,3201.24,246.00
4,3252.94,500.00,0.90,3447.80,3201.24,246.00
4,3252.94,500.00,0.80,3447.80,3201.24,246.00
4,3252.94,500.00,0.70,3447.80,3201.24,246.00
4,3252.94,500.00,0.90,3447.80,3201.24,246.00
4,3252.94,500.00,0.90,3447.80,3201.24,246.00
4,3252.94,500.00,0.90,3447.80,3201.24,246.00
4,3252.94,500.00,1.00,3447.80,3201.24,246.00
4,3252.94,500.00,0.90,3447.80,3201.24,246.00
4,3252.94,500.00,0.50,3447.80,3201.24,246.00
4,3252.94,500.00,0.80,3447.80,3201.24,246.00
4,3252.94,500.00,0.80,3447.80,3201.24,246.00
4,3252.94,500.00,1.00,3447.80,3201.24,246.00
4,3252.94,500.00,0.60,3447.80,3201.24,246.00
4,3252.94,500.00,0.80,3447.80,3201.24,246.00
4,3252.94,500.00,0.60,3447.80,3201.24,246.00
4,3252.94,500.00,0.50,3447.80,3201.24,246.00
4,3252.94,500.00,0.90,3447.80,3201.24,246.00
4,3252.94,500.00,0.70,3447.80,3201.24,246.00
4,3252.94,500.00,0.90,3447.80,3201.24,246.00
4,3260.89,500.00,0.80,3447.80,3201.24,246.00
4,3252.94,500.00,0.70,3447.80,3201.24,246.00
4,3252.94,500.00,0.90,3447.80,3201.24,246.00
1,3252.94,0.00,0.60,3447.80,3201.24,246.00
1,3252.94,0.00,1.10,3447.80,3201.24,246.00
1,3252.94,0.00,0.60,3447.80,3201.24,246.00
1,3252.94,0.00,0.70,3447.80,3201.24,246.00
1,3252.94,0.00,0.90,3447.80,3201.24,246.00
2,3252.94,0.00,1.10,3447.80,3201.24,246.00
2,3252.94,0.00,0.60,3447.80,3201.24,246.00
2,3252.94,0.00,1.00,3447.80,3201.24,246.00
2,3252.94,0.00,0.90,3447.80,3201.24,246.00
2,3252.94,0.00,0.70,3447.80,3266.46,246.00
3,3252.94,0.00,0.70,3447.80,3266.46,181.00
4,3252.94,500.00,1.00,3447.80,3266.46,181.00
4,3252.94,500.00,0.60,3447.80,3266.46,181.00
4,3252.94,500.00,0.80,3447.80,3266.46,181.00
4,3252.94,500.00,0.80,3447.80,3266.46,181.00
4,3252.94,500.00,0.80,3447.80,3266.46,181.00
4,3252.94,500.00,0.90,3447.80,3266.46,181.00
4,3252.94,500.00,0.80,3447.80,3266.46,181.00
4,3252.94,500.00,0.50,3447.80,3266.46,181.00
4,3252.94,500.00,1.20,3447.80,3266.46,181.00
4,3252.94,500.00,0.70,3447.80,3266.46,181.00
4,3252.94,500.00,0.90,3447.80,3266.46,181.00
4,3252.94,500.00,0.90,3447.80,3266.46,181.00
4,3252.94,500.00,0.90,3447.80,3266.46,181.00
4,3252.94,500.00,1.10,3447.80,3266.46,181.00
4,3252.94,500.00,0.80,3447.80,3266.46,181.00
4,3252.94,500.00,0.60,3447.80,3266.46,181.00
4,3252.94,500.00,1.00,3447.80,3266.46,181.00
4,3252.94,500.00,0.70,3447.80,3266.46,181.00
4,3252.94,500.00,0.80,3447.80,3266.46,181.00
4,3252.94,500.00,0.80,3447.80,3266.46,181.00
4,3252.94,500.00,0.60,3447.80,3266.46,181.00
4,3252.94,500.00,0.80,3447.80,3266.46,181.00
4,3252.94,500.00,0.80,3447.80,3266.46,181.00
4,3252.94,500.00,0.70,3447.80,3266.46,181.00
4,3252.94,500.00,0.70,3447.80,3266.46,181.00
4,3252.94,500.00,0.80,3447.80,3266.46,181.00
4,3252.94,500.00,0.90,3447.80,3266.46,181.00
4,3252.94,500.00,0.90,3447.80,3266.46,181.00
4,3252.94,500.00,0.60,3447.80,3266.46,181.00
4,3252.94,500.00,0.80,3447.80,3266.46,181.00
4,3252.94,500.00,0.90,3447.80,3266.46,181.00
4,3252.94,500.00,0.80,3447.80,3266.46,181.00
4,3252.94,500.00,0.90,3447.80,3266.46,181.00
4,3252.94,500.00,0.60,3447.80,3266.46,181.00
4,3252.94,500.00,0.50,3447.80,3266.46,181.00
4,3252.94,500.00,0.70,3447.80,3266.46,181.00
4,3252.94,500.00,0.90,3447.80,3266.46,181.00
4,3252.94,500.00,0.60,3447.80,3266.46,181.00
4,3252.94,500.00,0.80,3447.80,3266.46,181.00
4,3252.94,500.00,0.90,3447.80,3266.46,181.00
4,3252.94,500.00,0.70,3447.80,3266.46,181.00
1,3252.94,0.00,0.80,3447.80,3266.46,181.00
1,3252.94,0.00,0.80,3447.80,3266.46,181.00
1,3252.94,0.00,0.80,3447.80,3266.46,181.00
1,3252.94,0.00,1.10,3447.80,3266.46,181.00
1,3252.94,0.00,0.90,3233.85,3266.46,181.00
2,3252.94,0.00,0.70,3233.85,3266.46,181.00
2,3252.94,0.00,1.00,3233.85,3266.46,181.00
2,3252.94,0.00,1.00,3233.85,3266.46,181.00
2,3252.94,0.00,0.90,3233.85,3266.46,181.00
2,3252.94,0.00,0.80,3233.85,3235.44,181.00
3,3252.94,0.00,0.80,3233.85,3235.44,1.00
4,3260.89,500.00,0.70,3233.85,3235.44,1.00
4,3252.94,500.00,0.90,3233.85,3235.44,1.00
4,3252.94,500.00,0.90,3233.85,3235.44,1.00
4,3252.94,500.00,0.90,3233.85,3235.44,1.00
4,3252.94,500.00,0.70,3233.85,3235.44,1.00
4,3252.94,500.00,0.80,3233.85,3235.44,1.00
4,3256.92,500.00,0.80,3233.85,3235.44,1.00
4,3252.94,500.00,0.90,3233.85,3235.44,1.00
4,3252.94,500.00,0.70,3233.85,3235.44,1.00
4,3252.94,500.00,0.80,3233.85,3235.44,1.00
4,3252.94,500.00,0.40,3233.85,3235.44,1.00
4,3252.94,500.00,0.80,3233.85,3235.44,1.00
4,3252.94,500.00,0.90,3233.85,3235.44,1.00
4,3252.94,500.00,0.80,3233.85,3235.44,1.00
4,3252.94,500.00,0.80,3233.85,3235.44,1.00
4,3252.94,500.00,0.80,3233.85,3235.44,1.00
4,3252.94,500.00,0.90,3233.85,3235.44,1.00
4,3252.94,500.00,0.70,3233.85,3235.44,1.00
4,3252.94,500.00,0.60,3233.85,3235.44,1.00
4,3252.94,500.00,0.60,3233.85,3235.44,1.00
4,3252.94,500.00,0.70,3233.85,3235.44,1.00
4,3252.94,500.00,0.80,3233.85,3235.44,1.00
4,3252.94,500.00,0.50,3233.85,3235.44,1.00
4,3252.94,500.00,1.00,3233.85,3235.44,1.00
4,3252.94,500.00,0.70,3233.85,3235.44,1.00
4,3252.94,500.00,0.80,3233.85,3235.44,1.00
4,3252.94,500.00,0.60,3233.85,3235.44,1.00
4,3252.94,500.00,0.60,3233.85,3235.44,1.00
4,3252.94,500.00,0.70,3233.85,3235.44,1.00
4,3252.94,500.00,0.80,3233.85,3235.44,1.00
4,3252.94,500.00,0.90,3233.85,3235.44,1.00
4,3252.94,500.00,0.70,3233.85,3235.44,1.00
4,3252.94,500.00,0.80,3233.85,3235.44,1.00
4,3252.94,500.00,0.90,3233.85,3235.44,1.00
4,3252.94,500.00,1.10,3233.85,3235.44,1.00
4,3252.94,500.00,0.90,3233.85,3235.44,1.00
4,3256.92,500.00,0.60,3233.85,3235.44,1.00
4,3252.94,500.00,0.90,3233.85,3235.44,1.00
4,3252.94,500.00,0.80,3233.85,3235.44,1.00
4,3252.94,500.00,0.90,3233.85,3235.44,1.00
4,3252.94,500.00,0.90,3233.85,3235.44,1.00
1,3260.89,0.00,0.80,3233.85,3235.44,1.00
1,3252.94,0.00,1.00,3233.85,3235.44,1.00
1,3252.94,0.00,1.10,3233.85,3235.44,1.00
1,3252.94,0.00,0.60,3233.85,3235.44,1.00
1,3252.94,0.00,0.80,3235.44,3235.44,1.00
2,3252.94,0.00,1.00,3235.44,3235.44,1.00
2,3252.94,0.00,0.80,3235.44,3235.44,1.00
2,3252.94,0.00,1.00,3235.44,3235.44,1.00
2,3252.94,0.00,0.90,3235.44,3235.44,1.00
2,3252.94,0.00,0.90,3235.44,3348.38,1.00
3,3252.94,0.00,0.90,3235.44,3348.38,112.00
4,3252.94,500.00,0.70,3235.44,3348.38,112.00
4,3252.94,500.00,1.00,3235.44,3348.38,112.00
4,3252.94,500.00,0.90,3235.44,3348.38,112.00
4,3252.94,500.00,0.90,3235.44,3348.38,112.00
4,3252.94,500.00,0.80,3235.44,3348.38,112.00
4,3252.94,500.00,0.90,3235.44,3348.38,112.00
4,3252.94,500.00,0.60,3235.44,3348.38,112.00
4,3252.94,500.00,0.70,3235.44,3348.38,112.00
4,3252.94,500.00,0.70,3235.44,3348.38,112.00
4,3252.94,500.00,1.00,3235.44,3348.38,112.00
4,3252.94,500.00,0.80,3235.44,3348.38,112.00
4,3252.94,500.00,1.00,3235.44,3348.38,112.00
4,3252.94,500.00,0.70,3235.44,3348.38,112.00
4,3252.94,500.00,0.90,3235.44,3348.38,112.00
4,3252.94,500.00,0.80,3235.44,3348.38,112.00
4,3252.94,500.00,0.90,3235.44,3348.38,112.00
4,3252.94,500.00,0.90,3235.44,3348.38,112.00
4,3252.94,500.00,0.70,3235.44,3348.38,112.00
4,3252.94,500.00,0.90,3235.44,3348.38,112.00
4,3252.94,500.00,0.60,3235.44,3348.38,112.00
4,3252.94,500.00,1.10,3235.44,3348.38,112.00
4,3252.94,500.00,0.90,3235.44,3348.38,112.00
4,3252.94,500.00,0.90,3235.44,3348.38,112.00
4,3252.94,500.00,0.80,3235.44,3348.38,112.00
4,3252.94,500.00,0.90,3235.44,3348.38,112.00
4,3252.94,500.00,0.90,3235.44,3348.38,112.00
4,3252.94,500.00,1.00,3235.44,3348.38,112.00
4,3252.94,500.00,0.70,3235.44,3348.38,112.00
4,3252.94,500.00,0.80,3235.44,3348.38,112.00
4,3252.94,500.00,0.60,3235.44,3348.38,112.00
4,3252.94,500.00,0.40,3235.44,3348.38,112.00
4,3252.94,500.00,0.70,3235.44,3348.38,112.00
4,3252.94,500.00,0.50,3235.44,3348.38,112.00
4,3252.94,500.00,0.70,3235.44,3348.38,112.00
4,3252.94,500.00,0.60,3235.44,3348.38,112.00
4,3252.94,500.00,0.70,3235.44,3348.38,112.00
4,3252.94,500.00,0.70,3235.44,3348.38,112.00
4,3252.94,500.00,1.10,3235.44,3348.38,112.00
4,3252.94,500.00,0.80,3235.44,3348.38,112.00
4,3252.94,500.00,0.70,3235.44,3348.38,112.00
4,3252.94,500.00,0.70,3235.44,3348.38,112.00
1,3252.94,0.00,0.90,3235.44,3348.38,112.00
1,3252.94,0.00,0.90,3235.44,3348.38,112.00
1,3252.94,0.00,0.80,3235.44,3348.38,112.00
1,3252.94,0.00,0.80,3235.44,3348.38,112.00
1,3252.94,0.00,0.70,3222.72,3348.38,112.00
2,3252.94,0.00,0.80,3222.72,3348.38,112.00
2,3252.94,0.00,0.60,3222.72,3348.38,112.00
2,3252.94,0.00,0.80,3222.72,3348.38,112.00
2,3260.89,0.00,0.90,3222.72,3348.38,112.00
2,3252.94,0.00,0.70,3222.72,3334.06,112.00
3,3252.94,0.00,0.70,3222.72,3334.06,111.00
4,3252.94,500.00,0.70,3222.72,3334.06,111.00
4,3252.94,500.00,0.90,3222.72,3334.06,111.00
4,3252.94,500.00,1.00,3222.72,3334.06,111.00
4,3252.94,500.00,0.90,3222.72,3334.06,111.00
4,3252.94,500.00,0.80,3222.72,3334.06,111.00
4,3252.94,500.00,0.80,3222.72,3334.06,111.00
4,3252.94,500.00,1.10,3222.72,3334.06,111.00
4,3252.94,500.00,1.00,3222.72,3334.06,111.00
4,3252.94,500.00,0.80,3222.72,3334.06,111.00
4,3252.94,500.00,0.80,3222.72,3334.06,111.00
4,3252.94,500.00,1.00,3222.72,3334.06,111.00
4,3256.92,500.00,0.90,3222.72,3334.06,111.00
4,3252.94,500.00,1.00,3222.72,3334.06,111.00
4,3252.94,500.00,1.00,3222.72,3334.06,111.00
4,3252.94,500.00,1.00,3222.72,3334.06,111.00
4,3252.94,500.00,0.80,3222.72,3334.06,111.00
4,3252.94,500.00,0.60,3222.72,3334.06,111.00
4,3252.94,500.00,1.00,3222.72,3334.06,111.00
4,3252.94,500.00,1.00,3222.72,3334.06,111.00
4,3252.94,500.00,0.80,3222.72,3334.06,111.00
4,3252.94,500.00,0.80,3222.72,3334.06,111.00
4,3252.94,500.00,0.90,3222.72,3334.06,111.00
4,3252.94,500.00,0.60,3222.72,3334.06,111.00
4,3252.94,500.00,0.80,3222.72,3334.06,111.00
4,3252.94,500.00,0.80,3222.72,3334.06,111.00
4,3252.94,500.00,0.80,3222.72,3334.06,111.00
4,3252.94,500.00,0.80,3222.72,3334.06,111.00
4,3252.94,500.00,0.80,3222.72,3334.06,111.00
4,3252.94,500.00,0.80,3222.72,3334.06,111.00
4,3252.94,500.00,1.10,3222.72,3334.06,111.00
4,3256.92,500.00,0.80,3222.72,3334.06,111.00
4,3252.94,500.00,1.10,3222.72,3334.06,111.00
4,3252.94,500.00,0.90,3222.72,3334.06,111.00
4,3252.94,500.00,0.70,3222.72,3334.06,111.00
4,3252.94,500.00,1.00,3222.72,3334.06,111.00
4,3252.94,500.00,0.90,3222.72,3334.06,111.00
4,3252.94,500.00,0.70,3222.72,3334.06,111.00
4,3252.94,500.00,0.70,3222.72,3334.06,111.00
4,3252.94,500.00,1.00,3222.72,3334.06,111.00
4,3252.94,500.00,0.80,3222.72,3334.06,111.00
4,3252.94,500.00,0.70,3222.72,3334.06,111.00
1,3252.94,0.00,0.70,3222.72,3334.06,111.00
1,3252.94,0.00,0.80,3222.72,3334.06,111.00
1,3252.94,0.00,0.70,3222.72,3334.06,111.00
1,3252.94,0.00,0.90,3222.72,3334.06,111.00
1,3252.94,0.00,1.00,3391.33,3334.06,111.00
2,3252.94,0.00,0.80,3391.33,3334.06,111.00
2,3252.94,0.00,1.00,3391.33,3334.06,111.00
2,3260.89,0.00,0.80,3391.33,3334.06,111.00
2,3252.94,0.00,0.90,3391.33,3334.06,111.00
2,3252.94,0.00,0.90,3391.33,3306.23,111.00
3,3252.94,0.00,0.90,3391.33,3306.23,85.00
4,3252.94,500.00,0.80,3391.33,3306.23,85.00
4,3252.94,500.00,0.90,3391.33,3306.23,85.00
4,3252.94,500.00,0.90,3391.33,3306.23,85.00
4,3252.94,500.00,0.90,3391.33,3306.23,85.00
4,3252.94,500.00,0.90,3391.33,3306.23,85.00
4,3252.94,500.00,0.90,3391.33,3306.23,85.00
4,3252.94,500.00,0.70,3391.33,3306.23,85.00
4,3252.94,500.00,0.70,3391.33,3306.23,85.00
4,3252.94,500.00,1.10,3391.33,3306.23,85.00
4,3252.94,500.00,0.60,3391.33,3306.23,85.00
4,3252.94,500.00,1.20,3391.33,3306.23,85.00
4,3252.94,500.00,0.80,3391.33,3306.23,85.00
4,3252.94,500.00,1.10,3391.33,3306.23,85.00
4,3252.94,500.00,1.00,3391.33,3306.23,85.00
4,3252.94,500.00,0.80,3391.33,3306.23,85.00
4,3252.94,500.00,0.90,3391.33,3306.23,85.00
4,3252.94,500.00,0.80,3391.33,3306.23,85.00
4,3252.94,500.00,1.00,3391.33,3306.23,85.00
4,3252.94,500.00,0.90,3391.33,3306.23,85.00
4,3252.94,500.00,0.80,3391.33,3306.23,85.00
4,3252.94,500.00,1.00,3391.33,3306.23,85.00
4,3252.94,500.00,0.70,3391.33,3306.23,85.00
4,3252.94,500.00,0.90,3391.33,3306.23,85.00
4,3252.94,500.00,0.80,3391.33,3306.23,85.00
4,3252.94,500.00,0.70,3391.33,3306.23,85.00
4,3252.94,500.00,1.00,3391.33,3306.23,85.00
4,3252.94,500.00,0.50,3391.33,3306.23,85.00
4,3252.94,500.00,1.00,3391.33,3306.23,85.00
4,3252.94,500.00,1.10,3391.33,3306.23,85.00
4,3252.94,500.00,0.90,3391.33,3306.23,85.00
4,3252.94,500.00,0.80,3391.33,3306.23,85.00
4,3256.92,500.00,0.90,3391.33,3306.23,85.00
4,3252.94,500.00,0.70,3391.33,3306.23,85.00
4,3252.94,500.00,0.80,3391.33,3306.23,85.00
4,3252.94,500.00,0.90,3391.33,3306.23,85.00
4,3252.94,500.00,0.90,3391.33,3306.23,85.00
4,3252.94,500.00,0.70,3391.33,3306.23,85.00
4,3252.94,500.00,0.90,3391.33,3306.23,85.00
4,3252.94,500.00,0.90,3391.33,3306.23,85.00
4,3252.94,500.00,1.00,3391.33,3306.23,85.00
4,3252.94,500.00,0.70,3391.33,3306.23,85.00
1,3252.94,0.00,1.10,3391.33,3306.23,85.00
1,3252.94,0.00,0.90,3391.33,3306.23,85.00
1,3252.94,0.00,0.80,3391.33,3306.23,85.00
1,3252.94,0.00,0.80,3391.33,3306.23,85.00
1,3252.94,0.00,0.60,3377.01,3306.23,85.00
2,3252.94,0.00,1.00,3377.01,3306.23,85.00
2,3252.94,0.00,0.90,3377.01,3306.23,85.00
2,3252.94,0.00,0.70,3377.01,3306.23,85.00
2,3252.94,0.00,1.00,3377.01,3306.23,85.00
2,3252.94,0.00,1.00,3377.01,3284.75,85.00
3,3252.94,0.00,0.90,3377.01,3284.75,92.00
4,3252.94,500.00,0.60,3377.01,3284.75,92.00
4,3252.94,500.00,0.70,3377.01,3284.75,92.00
4,3252.94,500.00,0.70,3377.01,3284.75,92.00
4,3252.94,500.00,1.00,3377.01,3284.75,92.00
4,3252.94,500.00,0.80,3377.01,3284.75,92.00
4,3252.94,500.00,0.60,3377.01,3284.75,92.00
4,3252.94,500.00,0.80,3377.01,3284.75,92.00
4,3252.94,500.00,0.90,3377.01,3284.75,92.00
4,3252.94,500.00,0.80,3377.01,3284.75,92.00
4,3252.94,500.00,0.90,3377.01,3284.75,92.00
4,3252.94,500.00,0.90,3377.01,3284.75,92.00
4,3252.94,500.00,1.20,3377.01,3284.75,92.00
4,3252.94,500.00,0.70,3377.01,3284.75,92.00
4,3252.94,500.00,0.90,3377.01,3284.75,92.00
4,3252.94,500.00,0.70,3377.01,3284.75,92.00
4,3252.94,500.00,0.80,3377.01,3284.75,92.00
4,3252.94,500.00,0.70,3377.01,3284.75,92.00
4,3252.94,500.00,0.80,3377.01,3284.75,92.00
4,3252.94,500.00,0.80,3377.01,3284.75,92.00
4,3252.94,500.00,0.50,3377.01,3284.75,92.00
4,3252.94,500.00,0.60,3377.01,3284.75,92.00
4,3252.94,500.00,0.80,3377.01,3284.75,92.00
4,3252.94,500.00,0.70,3377.01,3284.75,92.00
4,3252.94,500.00,1.00,3377.01,3284.75,92.00
4,3252.94,500.00,0.90,3377.01,3284.75,92.00
4,3252.94,500.00,0.70,3377.01,3284.75,92.00
4,3252.94,500.00,0.80,3377.01,3284.75,92.00
4,3252.94,500.00,0.70,3377.01,3284.75,92.00
4,3252.94,500.00,0.80,3377.01,3284.75,92.00
4,3252.94,500.00,0.80,3377.01,3284.75,92.00
4,3252.94,500.00,0.90,3377.01,3284.75,92.00
4,3252.94,500.00,0.60,3377.01,3284.75,92.00
4,3252.94,500.00,0.60,3377.01,3284.75,92.00
4,3252.94,500.00,0.90,3377.01,3284.75,92.00
4,3252.94,500.00,0.70,3377.01,3284.75,92.00
4,3252.94,500.00,1.10,3377.01,3284.75,92.00
4,3252.94,500.00,1.00,3377.01,3284.75,92.00
4,3252.94,500.00,0.80,3377.01,3284.75,92.00
4,3256.92,500.00,0.70,3377.01,3284.75,92.00
4,3252.94,500.00,0.60,3377.01,3284.75,92.00
4,3252.94,500.00,0.70,3377.01,3284.75,92.00
1,3252.94,0.00,0.90,3377.01,3284.75,92.00
1,3252.94,0.00,1.00,3377.01,3284.75,92.00
1,3252.94,0.00,1.10,3377.01,3284.75,92.00
1,3252.94,0.00,0.80,3377.01,3284.75,92.00
1,3252.94,0.00,0.90,3210.79,3284.75,92.00
2,3252.94,0.00,0.60,3210.79,3284.75,92.00
2,3252.94,0.00,0.90,3210.79,3284.75,92.00
2,3252.94,0.00,0.90,3210.79,3284.75,92.00
2,3252.94,0.00,0.90,3210.79,3284.75,92.00
2,3252.94,0.00,1.00,3210.79,3367.47,92.00
3,3252.94,0.00,1.00,3210.79,3367.47,156.00
4,3252.94,500.00,0.80,3210.79,3367.47,156.00
4,3252.94,500.00,0.80,3210.79,3367.47,156.00
4,3252.94,500.00,0.70,3210.79,3367.47,156.00
4,3252.94,500.00,0.90,3210.79,3367.47,156.00
4,3252.94,500.00,0.60,3210.79,3367.47,156.00
4,3252.94,500.00,0.90,3210.79,3367.47,156.00
4,3252.94,500.00,0.60,3210.79,3367.47,156.00
4,3252.94,500.00,0.90,3210.79,3367.47,156.00
4,3252.94,500.00,0.70,3210.79,3367.47,156.00
4,3252.94,500.00,0.60,3210.79,3367.47,156.00
4,3252.94,500.00,0.90,3210.79,3367.47,156.00
4,3252.94,500.00,1.00,3210.79,3367.47,156.00
4,3252.94,500.00,0.80,3210.79,3367.47,156.00
4,3252.94,500.00,0.90,3210.79,3367.47,156.00
4,3252.94,500.00,0.70,3210.79,3367.47,156.00
4,3252.94,500.00,0.90,3210.79,3367.47,156.00
4,3252.94,500.00,1.00,3210.79,3367.47,156.00
4,3256.92,500.00,0.80,3210.79,3367.47,156.00
4,3252.94,500.00,0.80,3210.79,3367.47,156.00
4,3252.94,500.00,1.00,3210.79,3367.47,156.00
4,3252.94,500.00,0.90,3210.79,3367.47,156.00
4,3260.89,500.00,0.80,3210.79,3367.47,156.00
4,3252.94,500.00,0.90,3210.79,3367.47,156.00
4,3252.94,500.00,0.70,3210.79,3367.47,156.00
4,3252.94,500.00,0.80,3210.79,3367.47,156.00
4,3252.94,500.00,0.50,3210.79,3367.47,156.00
4,3252.94,500.00,0.90,3210.79,3367.47,156.00
4,3256.92,500.00,0.90,3210.79,3367.47,156.00
4,3252.94,500.00,0.80,3210.79,3367.47,156.00
4,3252.94,500.00,0.80,3210.79,3367.47,156.00
4,3252.94,500.00,0.90,3210.79,3367.47,156.00
4,3252.94,500.00,0.80,3210.79,3367.47,156.00
4,3252.94,500.00,0.90,3210.79,3367.47,156.00
4,3252.94,500.00,0.80,3210.79,3367.47,156.00
4,3252.94,500.00,0.90,3210.79,3367.47,156.00
4,3252.94,500.00,0.90,3210.79,3367.47,156.00
4,3252.94,500.00,0.90,3210.79,3367.47,156.00
4,3252.94,500.00,1.10,3210.79,3367.47,156.00
4,3252.94,500.00,0.80,3210.79,3367.47,156.00
4,3252.94,500.00,0.60,3210.79,3367.47,156.00
4,3252.94,500.00,0.80,3210.79,3367.47,156.00
1,3252.94,0.00,0.80,3210.79,3367.47,156.00
1,3252.94,0.00,0.60,3210.79,3367.47,156.00
1,3252.94,0.00,0.90,3210.79,3367.47,156.00
1,3252.94,0.00,0.70,3210.79,3367.47,156.00
1,3252.94,0.00,0.60,3195.68,3367.47,156.00
2,3252.94,0.00,0.40,3195.68,3367.47,156.00
2,3252.94,0.00,1.00,3195.68,3367.47,156.00
2,3252.94,0.00,0.90,3195.68,3367.47,156.00
2,3252.94,0.00,0.70,3195.68,3367.47,156.00
2,3252.94,0.00,0.80,3195.68,3379.40,156.00
3,3252.94,0.00,1.00,3195.68,3379.40,183.00
4,3252.94,500.00,0.90,3195.68,3379.40,183.00
4,3252.94,500.00,1.00,3195.68,3379.40,183.00
4,3252.94,500.00,0.60,3195.68,3379.40,183.00
4,3252.94,500.00,0.80,3195.68,3379.40,183.00
4,3252.94,500.00,0.80,3195.68,3379.40,183.00
4,3252.94,500.00,0.90,3195.68,3379.40,183.00
4,3252.94,500.00,0.90,3195.68,3379.40,183.00
4,3252.94,500.00,0.80,3195.68,3379.40,183.00
4,3252.94,500.00,1.00,3195.68,3379.40,183.00
4,3252.94,500.00,0.70,3195.68,3379.40,183.00
4,3252.94,500.00,0.80,3195.68,3379.40,183.00
4,3252.94,500.00,0.60,3195.68,3379.40,183.00
4,3252.94,500.00,0.70,3195.68,3379.40,183.00
4,3252.94,500.00,0.70,3195.68,3379.40,183.00
4,3252.94,500.00,0.80,3195.68,3379.40,183.00
4,3252.94,500.00,0.80,3195.68,3379.40,183.00
4,3252.94,500.00,0.70,3195.68,3379.40,183.00
4,3252.94,500.00,0.80,3195.68,3379.40,183.00
4,3252.94,500.00,0.50,3195.68,3379.40,183.00
4,3252.94,500.00,0.60,3195.68,3379.40,183.00
4,3252.94,500.00,0.70,3195.68,3379.40,183.00
4,3252.94,500.00,0.90,3195.68,3379.40,183.00
4,3252.94,500.00,0.80,3195.68,3379.40,183.00
4,3252.94,500.00,0.70,3195.68,3379.40,183.00
4,3252.94,500.00,0.80,3195.68,3379.40,183.00
4,3252.94,500.00,0.90,3195.68,3379.40,183.00
4,3252.94,500.00,1.00,3195.68,3379.40,183.00
4,3252.94,500.00,1.10,3195.68,3379.40,183.00
4,3252.94,500.00,0.80,3195.68,3379.40,183.00
4,3252.94,500.00,1.20,3195.68,3379.40,183.00
4,3252.94,500.00,0.80,3195.68,3379.40,183.00
4,3252.94,500.00,1.00,3195.68,3379.40,183.00
4,3252.94,500.00,0.90,3195.68,3379.40,183.00
4,3252.94,500.00,0.70,3195.68,3379.40,183.00
4,3252.94,500.00,0.80,3195.68,3379.40,183.00
4,3252.94,500.00,0.70,3195.68,3379.40,183.00
4,3252.94,500.00,0.80,3195.68,3379.40,183.00
4,3252.94,500.00,0.80,3195.68,3379.40,183.00
4,3252.94,500.00,1.00,3195.68,3379.40,183.00
4,3252.94,500.00,1.00,3195.68,3379.40,183.00
4,3252.94,500.00,0.80,3195.68,3379.40,183.00
1,3260.89,0.00,0.50,3195.68,3379.40,183.00
1,3252.94,0.00,0.70,3195.68,3379.40,183.00
1,3252.94,0.00,0.70,3195.68,3379.40,183.00
1,3252.94,0.00,0.80,3195.68,3379.40,183.00
1,3252.94,0.00,0.90,3286.34,3379.40,183.00
2,3252.94,0.00,1.00,3286.34,3379.40,183.00
2,3252.94,0.00,0.90,3286.34,3379.40,183.00
2,3252.94,0.00,0.80,3286.34,3379.40,183.00
2,3252.94,0.00,0.80,3286.34,3379.40,183.00
2,3252.94,0.00,0.60,3286.34,3322.93,183.00
3,3256.92,0.00,0.60,3286.34,3322.93,36.00
4,3252.94,500.00,0.80,3286.34,3322.93,36.00
4,3252.94,500.00,0.70,3286.34,3322.93,36.00
4,3252.94,500.00,0.70,3286.34,3322.93,36.00
4,3252.94,500.00,0.70,3286.34,3322.93,36.00
4,3252.94,500.00,0.80,3286.34,3322.93,36.00
4,3252.94,500.00,0.80,3286.34,3322.93,36.00
4,3252.94,500.00,0.90,3286.34,3322.93,36.00
4,3252.94,500.00,0.70,3286.34,3322.93,36.00
4,3252.94,500.00,1.00,3286.34,3322.93,36.00
4,3252.94,500.00,0.70,3286.34,3322.93,36.00
4,3252.94,500.00,0.80,3286.34,3322.93,36.00
4,3252.94,500.00,0.90,3286.34,3322.93,36.00
4,3252.94,500.00,0.90,3286.34,3322.93,36.00
4,3252.94,500.00,1.00,3286.34,3322.93,36.00
4,3252.94,500.00,0.80,3286.34,3322.93,36.00
4,3252.94,500.00,0.60,3286.34,3322.93,36.00
4,3252.94,500.00,0.80,3286.34,3322.93,36.00
4,3252.94,500.00,1.10,3286.34,3322.93,36.00
4,3252.94,500.00,0.90,3286.34,3322.93,36.00
4,3252.94,500.00,0.70,3286.34,3322.93,36.00
4,3252.94,500.00,0.90,3286.34,3322.93,36.00
4,3252.94,500.00,1.00,3286.34,3322.93,36.00
4,3252.94,500.00,0.80,3286.34,3322.93,36.00
4,3252.94,500.00,1.00,3286.34,3322.93,36.00
4,3252.94,500.00,0.90,3286.34,3322.93,36.00
4,3252.94,500.00,1.00,3286.34,3322.93,36.00
4,3252.94,500.00,1.00,3286.34,3322.93,36.00
4,3252.94,500.00,0.80,3286.34,3322.93,36.00
4,3252.94,500.00,1.10,3286.34,3322.93,36.00
4,3252.94,500.00,0.60,3286.34,3322.93,36.00
4,3252.94,500.00,0.80,3286.34,3322.93,36.00
4,3252.94,500.00,0.80,3286.34,3322.93,36.00
4,3252.94,500.00,0.90,3286.34,3322.93,36.00
4,3252.94,500.00,0.80,3286.34,3322.93,36.00
4,3252.94,500.00,0.80,3286.34,3322.93,36.00
4,3252.94,500.00,0.90,3286.34,3322.93,36.00
4,3252.94,500.00,0.60,3286.34,3322.93,36.00
4,3252.94,500.00,0.90,3286.34,3322.93,36.00
4,3252.94,500.00,0.90,3286.34,3322.93,36.00
4,3252.94,500.00,0.90,3286.34,3322.93,36.00
4,3252.94,500.00,0.80,3286.34,3322.93,36.00
1,3252.94,0.00,0.80,3286.34,3322.93,36.00
1,3252.94,0.00,0.80,3286.34,3322.93,36.00
1,3252.94,0.00,0.50,3286.34,3322.93,36.00
1,3252.94,0.00,0.80,3286.34,3322.93,36.00
1,3252.94,0.00,1.00,3345.20,3322.93,36.00
2,3252.94,0.00,0.70,3345.20,3322.93,36.00
2,3252.94,0.00,0.70,3345.20,3322.93,36.00
2,3252.94,0.00,0.80,3345.20,3322.93,36.00
2,3252.94,0.00,0.90,3345.20,3322.93,36.00
2,3252.94,0.00,0.80,3345.20,3371.45,36.00
3,3252.94,0.00,0.80,3345.20,3371.45,26.00
4,3252.94,500.00,1.00,3345.20,3371.45,26.00
4,3252.94,500.00,0.90,3345.20,3371.45,26.00
4,3252.94,500.00,0.80,3345.20,3371.45,26.00
4,3252.94,500.00,0.80,3345.20,3371.45,26.00
4,3252.94,500.00,0.70,3345.20,3371.45,26.00
4,3252.94,500.00,0.80,3345.20,3371.45,26.00
4,3252.94,500.00,0.70,3345.20,3371.45,26.00
4,3252.94,500.00,0.80,3345.20,3371.45,26.00
4,3248.96,500.00,0.80,3345.20,3371.45,26.00
4,3252.94,500.00,0.60,3345.20,3371.45,26.00
4,3252.94,500.00,0.50,3345.20,3371.45,26.00
4,3252.94,500.00,0.90,3345.20,3371.45,26.00
4,3252.94,500.00,0.80,3345.20,3371.45,26.00
4,3260.89,500.00,0.70,3345.20,3371.45,26.00
4,3252.94,500.00,0.70,3345.20,3371.45,26.00
4,3252.94,500.00,0.80,3345.20,3371.45,26.00
4,3252.94,500.00,0.70,3345.20,3371.45,26.00
4,3252.94,500.00,0.80,3345.20,3371.45,26.00
4,3252.94,500.00,0.90,3345.20,3371.45,26.00
4,3252.94,500.00,0.70,3345.20,3371.45,26.00
4,3252.94,500.00,0.70,3345.20,3371.45,26.00
4,3252.94,500.00,0.80,3345.20,3371.45,26.00
4,3252.94,500.00,0.80,3345.20,3371.45,26.00
4,3252.94,500.00,0.60,3345.20,3371.45,26.00
4,3252.94,500.00,0.90,3345.20,3371.45,26.00
4,3252.94,500.00,0.90,3345.20,3371.45,26.00
4,3252.94,500.00,0.70,3345.20,3371.45,26.00
4,3252.94,500.00,0.70,3345.20,3371.45,26.00
4,3252.94,500.00,0.90,3345.20,3371.45,26.00
4,3252.94,500.00,0.80,3345.20,3371.45,26.00
4,3252.94,500.00,0.80,3345.20,3371.45,26.00
4,3252.94,500.00,0.80,3345.20,3371.45,26.00
4,3252.94,500.00,0.90,3345.20,3371.45,26.00
4,3252.94,500.00,0.80,3345.20,3371.45,26.00
4,3260.89,500.00,0.80,3345.20,3371.45,26.00
4,3252.94,500.00,0.80,3345.20,3371.45,26.00
4,3252.94,500.00,0.80,3345.20,3371.45,26.00
4,3252.94,500.00,0.90,3345.20,3371.45,26.00
4,3252.94,500.00,0.60,3345.20,3371.45,26.00
4,3252.94,500.00,0.90,3345.20,3371.45,26.00
4,3252.94,500.00,0.90,3345.20,3371.45,26.00
1,3252.94,0.00,0.60,3345.20,3371.45,26.00
1,3252.94,0.00,0.60,3345.20,3371.45,26.00
1,3252.94,0.00,0.90,3345.20,3371.45,26.00
1,3252.94,0.00,1.20,3345.20,3371.45,26.00
1,3252.94,0.00,1.00,3206.81,3371.45,26.00
2,3252.94,0.00,0.70,3206.81,3371.45,26.00
2,3252.94,0.00,1.00,3206.81,3371.45,26.00
2,3252.94,0.00,0.90,3206.81,3371.45,26.00
2,3252.94,0.00,1.00,3206.81,3371.45,26.00
2,3252.94,0.00,0.80,3206.81,3372.24,26.00
3,3252.94,0.00,0.70,3206.81,3372.24,165.00
4,3252.94,500.00,0.90,3206.81,3372.24,165.00
4,3256.92,500.00,0.70,3206.81,3372.24,165.00
4,3252.94,500.00,0.80,3206.81,3372.24,165.00
4,3252.94,500.00,0.70,3206.81,3372.24,165.00
4,3252.94,500.00,0.60,3206.81,3372.24,165.00
4,3252.94,500.00,0.80,3206.81,3372.24,165.00
4,3252.94,500.00,0.90,3206.81,3372.24,165.00
4,3252.94,500.00,0.70,3206.81,3372.24,165.00
4,3252.94,500.00,1.00,3206.81,3372.24,165.00
4,3252.94,500.00,0.90,3206.81,3372.24,165.00
4,3252.94,500.00,0.80,3206.81,3372.24,165.00
4,3252.94,500.00,0.80,3206.81,3372.24,165.00
4,3252.94,500.00,0.70,3206.81,3372.24,165.00
4,3252.94,500.00,0.80,3206.81,3372.24,165.00
4,3252.94,500.00,0.80,3206.81,3372.24,165.00
4,3252.94,500.00,1.00,3206.81,3372.24,165.00
4,3252.94,500.00,0.90,3206.81,3372.24,165.00
4,3252.94,500.00,0.90,3206.81,3372.24,165.00
4,3252.94,500.00,0.70,3206.81,3372.24,165.00
4,3252.94,500.00,0.80,3206.81,3372.24,165.00
4,3252.94,500.00,0.60,3206.81,3372.24,165.00
4,3252.94,500.00,0.80,3206.81,3372.24,165.00
4,3252.94,500.00,1.00,3206.81,3372.24,165.00
4,3252.94,500.00,1.30,3206.81,3372.24,165.00
4,3252.94,500.00,1.10,3206.81,3372.24,165.00
4,3252.94,500.00,0.80,3206.81,3372.24,165.00
4,3252.94,500.00,0.80,3206.81,3372.24,165.00
4,3252.94,500.00,0.90,3206.81,3372.24,165.00
4,3252.94,500.00,0.70,3206.81,3372.24,165.00
4,3252.94,500.00,0.80,3206.81,3372.24,165.00
4,3252.94,500.00,0.70,3206.81,3372.24,165.00
4,3252.94,500.00,0.90,3206.81,3372.24,165.00
4,3252.94,500.00,0.80,3206.81,3372.24,165.00
4,3252.94,500.00,0.80,3206.81,3372.24,165.00
4,3252.94,500.00,0.70,3206.81,3372.24,165.00
4,3252.94,500.00,0.60,3206.81,3372.24,165.00
4,3252.94,500.00,0.90,3206.81,3372.24,165.00
4,3252.94,500.00,0.90,3206.81,3372.24,165.00
4,3252.94,500.00,0.80,3206.81,3372.24,165.00
4,3252.94,500.00,0.60,3206.81,3372.24,165.00
4,3252.94,500.00,0.60,3206.81,3372.24,165.00
1,3252.94,0.00,0.90,3206.81,3372.24,165.00
1,3252.94,0.00,0.80,3206.81,3372.24,165.00
1,3252.94,0.00,0.90,3206.81,3372.24,165.00
1,3252.94,0.00,0.80,3206.81,3372.24,165.00
1,3252.94,0.00,0.50,3221.13,3372.24,165.00
2,3252.94,0.00,0.90,3221.13,3372.24,165.00
2,3252.94,0.00,0.80,3221.13,3372.24,165.00
2,3252.94,0.00,0.70,3221.13,3372.24,165.00
2,3256.92,0.00,1.00,3221.13,3372.24,165.00
2,3252.94,0.00,0.80,3221.13,3358.72,165.00
3,3252.94,0.00,0.70,3221.13,3358.72,137.00
4,3252.94,500.00,0.70,3221.13,3358.72,137.00
4,3252.94,500.00,1.00,3221.13,3358.72,137.00
4,3252.94,500.00,1.00,3221.13,3358.72,137.00
4,3252.94,500.00,0.80,3221.13,3358.72,137.00
4,3252.94,500.00,0.60,3221.13,3358.72,137.00
4,3252.94,500.00,0.80,3221.13,3358.72,137.00
4,3252.94,500.00,0.90,3221.13,3358.72,137.00
4,3252.94,500.00,0.70,3221.13,3358.72,137.00
4,3252.94,500.00,0.60,3221.13,3358.72,137.00
4,3260.89,500.00,0.90,3221.13,3358.72,137.00
4,3252.94,500.00,0.90,3221.13,3358.72,137.00
4,3252.94,500.00,0.80,3221.13,3358.72,137.00
4,3252.94,500.00,0.80,3221.13,3358.72,137.00
4,3252.94,500.00,0.90,3221.13,3358.72,137.00
4,3252.94,500.00,0.80,3221.13,3358.72,137.00
4,3252.94,500.00,0.90,3221.13,3358.72,137.00
4,3252.94,500.00,0.60,3221.13,3358.72,137.00
4,3252.94,500.00,0.80,3221.13,3358.72,137.00
4,3252.94,500.00,0.80,3221.13,3358.72,137.00
4,3252.94,500.00,1.00,3221.13,3358.72,137.00
4,3252.94,500.00,0.50,3221.13,3358.72,137.00
4,3252.94,500.00,0.70,3221.13,3358.72,137.00
4,3252.94,500.00,1.10,3221.13,3358.72,137.00
4,3252.94,500.00,0.60,3221.13,3358.72,137.00
4,3252.94,500.00,1.00,3221.13,3358.72,137.00
4,3252.94,500.00,0.80,3221.13,3358.72,137.00
4,3252.94,500.00,0.70,3221.13,3358.72,137.00
4,3252.94,500.00,1.00,3221.13,3358.72,137.00
4,3252.94,500.00,0.90,3221.13,3358.72,137.00
4,3252.94,500.00,1.00,3221.13,3358.72,137.00
4,3252.94,500.00,0.70,3221.13,3358.72,137.00
4,3252.94,500.00,0.70,3221.13,3358.72,137.00
4,3252.94,500.00,0.90,3221.13,3358.72,137.00
4,3252.94,500.00,0.90,3221.13,3358.72,137.00
4,3252.94,500.00,0.80,3221.13,3358.72,137.00
4,3252.94,500.00,0.90,3221.13,3358.72,137.00
4,3252.94,500.00,0.80,3221.13,3358.72,137.00
4,3252.94,500.00,0.80,3221.13,3358.72,137.00
4,3252.94,500.00,0.80,3221.13,3358.72,137.00
4,3252.94,500.00,0.60,3221.13,3358.72,137.00
4,3252.94,500.00,0.80,3221.13,3358.72,137.00
1,3256.92,0.00,0.70,3221.13,3358.72,137.00
1,3252.94,0.00,0.80,3221.13,3358.72,137.00
1,3252.94,0.00,0.60,3221.13,3358.72,137.00
1,3252.94,0.00,1.00,3221.13,3358.72,137.00
1,3252.94,0.00,0.80,3214.76,3358.72,137.00
2,3252.94,0.00,0.70,3214.76,3358.72,137.00
2,3252.94,0.00,0.50,3214.76,3358.72,137.00
2,3252.94,0.00,0.60,3214.76,3358.72,137.00
2,3252.94,0.00,1.00,3214.76,3358.72,137.00
2,3252.94,0.00,0.60,3214.76,3203.63,137.00
3,3252.94,0.00,0.70,3214.76,3203.63,11.00
4,3252.94,500.00,0.90,3214.76,3203.63,11.00
4,3252.94,500.00,0.70,3214.76,3203.63,11.00
4,3252.94,500.00,0.90,3214.76,3203.63,11.00
4,3252.94,500.00,1.10,3214.76,3203.63,11.00
4,3252.94,500.00,0.90,3214.76,3203.63,11.00
4,3252.94,500.00,0.90,3214.76,3203.63,11.00
4,3252.94,500.00,0.70,3214.76,3203.63,11.00
4,3252.94,500.00,0.80,3214.76,3203.63,11.00
4,3252.94,500.00,0.80,3214.76,3203.63,11.00
4,3252.94,500.00,0.80,3214.76,3203.63,11.00
4,3252.94,500.00,0.70,3214.76,3203.63,11.00
4,3252.94,500.00,0.70,3214.76,3203.63,11.00
4,3252.94,500.00,0.90,3214.76,3203.63,11.00
4,3252.94,500.00,1.00,3214.76,3203.63,11.00
4,3252.94,500.00,0.90,3214.76,3203.63,11.00
4,3256.92,500.00,1.00,3214.76,3203.63,11.00
4,3252.94,500.00,1.10,3214.76,3203.63,11.00
4,3252.94,500.00,0.80,3214.76,3203.63,11.00
4,3252.94,500.00,0.70,3214.76,3203.63,11.00
4,3252.94,500.00,0.80,3214.76,3203.63,11.00
4,3252.94,500.00,0.80,3214.76,3203.63,11.00
4,3252.94,500.00,0.80,3214.76,3203.63,11.00
4,3252.94,500.00,1.00,3214.76,3203.63,11.00
4,3252.94,500.00,0.80,3214.76,3203.63,11.00
4,3252.94,500.00,1.10,3214.76,3203.63,11.00
4,3252.94,500.00,0.90,3214.76,3203.63,11.00
4,3252.94,500.00,0.90,3214.76,3203.63,11.00
4,3252.94,500.00,0.70,3214.76,3203.63,11.00
4,3252.94,500.00,0.70,3214.76,3203.63,11.00
4,3252.94,500.00,0.70,3214.76,3203.63,11.00
4,3252.94,500.00,0.50,3214.76,3203.63,11.00
4,3252.94,500.00,0.70,3214.76,3203.63,11.00
4,3252.94,500.00,0.80,3214.76,3203.63,11.00
4,3252.94,500.00,0.70,3214.76,3203.63,11.00
4,3252.94,500.00,0.70,3214.76,3203.63,11.00
4,3252.94,500.00,0.90,3214.76,3203.63,11.00
4,3252.94,500.00,0.90,3214.76,3203.63,11.00
4,3252.94,500.00,0.90,3214.76,3203.63,11.00
4,3256.92,500.00,0.90,3214.76,3203.63,11.00
4,3252.94,500.00,0.90,3214.76,3203.63,11.00
4,3252.94,500.00,0.90,3214.76,3203.63,11.00
1,3252.94,0.00,0.60,3214.76,3203.63,11.00
1,3252.94,0.00,0.80,3214.76,3203.63,11.00
1,3252.94,0.00,0.90,3214.76,3203.63,11.00
1,3252.94,0.00,0.90,3214.76,3203.63,11.00
1,3260.89,0.00,0.80,3301.46,3203.63,11.00
2,3252.94,0.00,0.80,3301.46,3203.63,11.00
2,3252.94,0.00,0.80,3301.46,3203.63,11.00
2,3252.94,0.00,0.70,3301.46,3203.63,11.00
2,3252.94,0.00,1.00,3301.46,3203.63,11.00
2,3252.94,0.00,0.60,3301.46,3372.24,11.00
3,3252.94,0.00,0.90,3301.46,3372.24,70.00
4,3252.94,500.00,0.80,3301.46,3372.24,70.00
4,3252.94,500.00,0.70,3301.46,3372.24,70.00
4,3252.94,500.00,0.80,3301.46,3372.24,70.00
4,3252.94,500.00,0.90,3301.46,3372.24,70.00
4,3252.94,500.00,0.80,3301.46,3372.24,70.00
4,3252.94,500.00,0.70,3301.46,3372.24,70.00
4,3252.94,500.00,0.90,3301.46,3372.24,70.00
4,3252.94,500.00,0.70,3301.46,3372.24,70.00
4,3252.94,500.00,0.70,3301.46,3372.24,70.00
4,3252.94,500.00,0.90,3301.46,3372.24,70.00
4,3252.94,500.00,0.70,3301.46,3372.24,70.00
4,3252.94,500.00,0.70,3301.46,3372.24,70.00
4,3252.94,500.00,0.80,3301.46,3372.24,70.00
4,3252.94,500.00,0.80,3301.46,3372.24,70.00
4,3252.94,500.00,1.30,3301.46,3372.24,70.00
4,3252.94,500.00,0.70,3301.46,3372.24,70.00
4,3252.94,500.00,0.80,3301.46,3372.24,70.00
4,3252.94,500.00,0.90,3301.46,3372.24,70.00
4,3252.94,500.00,0.80,3301.46,3372.24,70.00
4,3252.94,500.00,0.80,3301.46,3372.24,70.00
4,3252.94,500.00,0.70,3301.46,3372.24,70.00
4,3252.94,500.00,0.80,3301.46,3372.24,70.00
4,3252.94,500.00,0.70,3301.46,3372.24,70.00
4,3252.94,500.00,0.70,3301.46,3372.24,70.00
4,3252.94,500.00,0.90,3301.46,3372.24,70.00
4,3252.94,500.00,1.30,3301.46,3372.24,70.00
4,3252.94,500.00,0.70,3301.46,3372.24,70.00
4,3252.94,500.00,0.90,3301.46,3372.24,70.00
4,3252.94,500.00,0.70,3301.46,3372.24,70.00
4,3252.94,500.00,0.90,3301.46,3372.24,70.00
4,3252.94,500.00,0.80,3301.46,3372.24,70.00
4,3252.94,500.00,0.90,3301.46,3372.24,70.00
4,3252.94,500.00,0.70,3301.46,3372.24,70.00
4,3252.94,500.00,0.80,3301.46,3372.24,70.00
4,3252.94,500.00,0.80,3301.46,3372.24,70.00
4,3252.94,500.00,0.90,3301.46,3372.24,70.00
4,3252.94,500.00,0.80,3301.46,3372.24,70.00
4,3252.94,500.00,0.70,3301.46,3372.24,70.00
4,3252.94,500.00,1.20,3301.46,3372.24,70.00
4,3252.94,500.00,0.80,3301.46,3372.24,70.00
4,3252.94,500.00,0.80,3301.46,3372.24,70.00
1,3252.94,0.00,0.70,3301.46,3372.24,70.00
1,3252.94,0.00,0.70,3301.46,3372.24,70.00
1,3252.94,0.00,0.70,3301.46,3372.24,70.00
1,3252.94,0.00,0.60,3301.46,3372.24,70.00
1,3252.94,0.00,0.90,3276.01,3372.24,70.00
2,3252.94,0.00,0.90,3276.01,3372.24,70.00
2,3252.94,0.00,0.70,3276.01,3372.24,70.00
2,3252.94,0.00,1.00,3276.01,3372.24,70.00
2,3252.94,0.00,0.80,3276.01,3372.24,70.00
2,3252.94,0.00,1.00,3276.01,3376.22,70.00
3,3252.94,0.00,0.90,3276.01,3376.22,100.00
3,3252.94,0.00,0.90,3276.01,3376.22,100.00
3,3252.94,0.00,0.70,3276.01,3376.22,100.00
3,3252.94,0.00,1.00,3276.01,3376.22,100.00
3,3252.94,0.00,0.80,3276.01,3376.22,100.00
3,3252.94,0.00,0.90,3276.01,3376.22,100.00
3,3252.94,0.00,0.80,3276.01,3376.22,100.00
3,3252.94,0.00,0.90,3276.01,3376.22,100.00
3,3252.94,0.00,0.90,3276.01,3376.22,100.00
3,3252.94,0.00,0.70,3276.01,3376.22,100.00
3,3252.94,0.00,0.70,3276.01,3376.22,100.00
3,3252.94,0.00,1.00,3276.01,3376.22,100.00
3,3252.94,0.00,0.80,3276.01,3376.22,100.00
3,3252.94,0.00,0.70,3276.01,3376.22,100.00
3,3252.94,0.00,1.00,3276.01,3376.22,100.00
3,3252.94,0.00,0.80,3276.01,3376.22,100.00
3,3252.94,0.00,0.80,3276.01,3376.22,100.00
3,3252.94,0.00,0.90,3276.01,3376.22,100.00
3,3252.94,0.00,0.70,3276.01,3376.22,100.00
3,3252.94,0.00,1.00,3276.01,3376.22,100.00
3,3252.94,0.00,0.90,3276.01,3376.22,100.00
3,3252.94,0.00,0.80,3276.01,3376.22,100.00
3,3252.94,0.00,0.90,3276.01,3376.22,100.00
3,3252.94,0.00,0.70,3276.01,3376.22,100.00
3,3252.94,0.00,0.90,3276.01,3376.22,100.00
3,3252.94,0.00,0.80,3276.01,3376.22,100.00
3,3252.94,0.00,1.00,3276.01,3376.22,100.00
3,3252.94,0.00,0.70,3276.01,3376.22,100.00
3,3252.94,0.00,1.00,3276.01,3376.22,100.00
3,3252.94,0.00,0.90,3276.01,3376.22,100.00
3,3252.94,0.00,0.60,3276.01,3376.22,100.00
3,3252.94,0.00,0.70,3276.01,3376.22,100.00
3,3252.94,0.00,0.70,3276.01,3376.22,100.00
3,3252.94,0.00,0.90,3276.01,3376.22,100.00
3,3252.94,0.00,0.90,3276.01,3376.22,100.00
3,3252.94,0.00,0.80,3276.01,3376.22,100.00
3,3252.94,0.00,0.80,3276.01,3376.22,100.00
3,3256.92,0.00,0.70,3276.01,3376.22,100.00
3,3252.94,0.00,0.80,3276.01,3376.22,100.00
3,3252.94,0.00,0.60,3276.01,3376.22,100.00
3,3252.94,0.00,0.90,3276.01,3376.22,100.00
3,3252.94,0.00,0.90,3276.01,3376.22,100.00
3,3252.94,0.00,0.70,3276.01,3376.22,100.00
3,3252.94,0.00,0.50,3276.01,3376.22,100.00
3,3252.94,0.00,0.90,3276.01,3376.22,100.00
3,3252.94,0.00,0.90,3276.01,3376.22,100.00
3,3252.94,0.00,0.90,3276.01,3376.22,100.00
3,3252.94,0.00,0.90,3276.01,3376.22,100.00
3,3252.94,0.00,0.90,3276.01,3376.22,100.00
3,3256.92,0.00,0.90,3276.01,3376.22,100.00
3,3252.94,0.00,0.80,3276.01,3376.22,100.00
3,3252.94,0.00,0.70,3276.01,3376.22,100.00
3,3252.94,0.00,1.00,3276.01,3376.22,100.00
3,3252.94,0.00,0.80,3276.01,3376.22,100.00
3,3252.94,0.00,0.80,3276.01,3376.22,100.00
3,3252.94,0.00,0.80,3276.01,3376.22,100.00
3,3252.94,0.00,0.80,3276.01,3376.22,100.00
3,3264.87,0.00,1.00,3276.01,3376.22,100.00
3,3252.94,0.00,0.80,3276.01,3376.22,100.00
3,3252.94,0.00,0.80,3276.01,3376.22,100.00
3,3252.94,0.00,0.60,3276.01,3376.22,100.00
3,3252.94,0.00,0.80,3276.01,3376.22,100.00
3,3252.94,0.00,0.90,3276.01,3376.22,100.00
3,3252.94,0.00,0.80,3276.01,3376.22,100.00
3,3252.94,0.00,0.80,3276.01,3376.22,100.00
3,3252.94,0.00,0.70,3276.01,3376.22,100.00
3,3252.94,0.00,0.70,3276.01,3376.22,100.00
0,3252.94,0.00,0.50,3276.01,3376.22,100.00
0,3252.94,0.00,0.70,3276.01,3376.22,100.00
0,3252.94,0.00,0.90,3276.01,3376.22,100.00
0,3252.94,0.00,0.80,3276.01,3376.22,100.00
0,3256.92,0.00,-2.30,3276.01,3376.22,100.00
0,3268.85,0.00,-2.20,3276.01,3376.22,100.00
0,3260.89,0.00,-2.40,3276.01,3376.22,100.00
0,3260.89,0.00,-2.30,3276.01,3376.22,100.00
0,3260.89,0.00,-2.40,3276.01,3376.22,100.00
0,3256.92,0.00,-2.40,3276.01,3376.22,100.00
10,1181.08,0.00,-0.40,3276.01,3376.22,100.00
10,588.55,0.00,0.00,3276.01,3376.22,100.00
10,262.46,0.00,-0.10,3276.01,3376.22,100.00
10,71.58,0.00,-0.20,3276.01,3376.22,100.00
10,0.00,0.00,-0.10,3276.01,3376.22,100.00
10,0.00,0.00,-0.10,3276.01,3376.22,100.00
10,0.00,0.00,-0.10,3276.01,3376.22,100.00
10,0.00,0.00,0.10,3276.01,3376.22,100.00
10,0.00,0.00,0.00,3276.01,3376.22,100.00
10,0.00,0.00,0.30,3276.01,3376.22,100.00
10,0.00,0.00,0.10,3276.01,3376.22,100.00
10,0.00,0.00,0.10,3276.01,3376.22,100.00
10,0.00,0.00,-0.10,3276.01,3376.22,100.00
10,0.00,0.00,0.10,3276.01,3376.22,100.00
10,0.00,0.00,0.10,3276.01,3376.22,100.00
10,0.00,0.00,0.10,3276.01,3376.22,100.00
10,0.00,0.00,0.10,3276.01,3376.22,100.00
10,0.00,0.00,-0.10,3276.01,3376.22,100.00
10,0.00,0.00,0.00,3276.01,3376.22,100.00
10,0.00,0.00,-0.20,3276.01,3376.22,100.00
